county Name,AUN,LEA,School Code,School,Graduate Count,College Bound,Total College Bound %,2- or 4-Year College or University,2- Or 4-Year University %,Total Postsecondary Bound,Total Postsecondary Bound %,Non-Degree-Granting Postsecondary School,Non-Degree-Granting Postsecondary School %,Specialized Associate Degree Granting Institution,Specialized Associate Degree Granting Institution %
Adams,112011103,Bermudian Springs SD,0003,Bermudian Springs HS,147,99,67.35%,99,67.35%,105,71.43%,6,4.08%,0,0.00%
,,,9999,Bermudian Springs SD,3,0,0.00%,0,0.00%,0,0.00%,0,0.00%,0,0.00%
,112011603,Conewago Valley SD,0017,New Oxford SHS,267,176,65.92%,167,62.55%,186,69.66%,10,3.75%,9,3.37%
,112013054,Fairfield Area SD,6269,Fairfield Area HS,89,73,82.02%,73,82.02%,75,84.27%,2,2.25%,0,0.00%
,,,9999,Fairfield Area SD,1,0,0.00%,0,0.00%,0,0.00%,0,0.00%,0,0.00%
,112013753,Gettysburg Area SD,6271,Gettysburg Area HS,263,201,76.43%,186,70.72%,205,77.95%,4,1.52%,15,5.70%
,,,9999,Gettysburg Area SD,5,0,0.00%,0,0.00%,0,0.00%,0,0.00%,0,0.00%
,112015203,Littlestown Area SD,0014,Littlestown SHS,155,105,67.74%,92,59.35%,107,69.03%,2,1.29%,13,8.39%
,,,9999,Littlestown Area SD,6,0,0.00%,0,0.00%,0,0.00%,0,0.00%,0,0.00%
,112018523,Upper Adams SD,0021,Biglerville HS,114,74,64.91%,69,60.53%,75,65.79%,1,0.88%,5,4.39%
,,,9999,Upper Adams SD,7,0,0.00%,0,0.00%,1,14.29%,1,14.29%,0,0.00%
Allegheny,102020001,City CHS,7727,City CHS,132,95,71.97%,91,68.94%,98,74.24%,3,2.27%,4,3.03%
,102020003,The New Academy CS,7846,Academy CS,15,7,46.67%,7,46.67%,10,66.67%,3,20.00%,0,0.00%
,102023080,Urban Pathways 6-12 CS,7562,Urban Pathways 6-12 CS,41,37,90.24%,35,85.37%,39,95.12%,2,4.88%,2,4.88%
,102023217,Hill House Passport Academy Charter School,8308,Hill House Passport Academy Charter School,83,0,0.00%,0,0.00%,0,0.00%,0,0.00%,0,0.00%
,102027451,Pittsburgh SD,0409,Pittsburgh Allderdice HS,333,199,59.76%,198,59.46%,203,60.96%,4,1.20%,1,0.30%
,,,0412,Pittsburgh Carrick HS,148,114,77.03%,101,68.24%,118,79.73%,4,2.70%,13,8.78%
,,,0416,Pittsburgh Perry HS,81,56,69.14%,52,64.20%,59,72.84%,3,3.70%,4,4.94%
,,,6047,Pittsburgh Oliver,8,0,0.00%,0,0.00%,0,0.00%,0,0.00%,0,0.00%
,,,6811,Pittsburgh Conroy,7,0,0.00%,0,0.00%,0,0.00%,0,0.00%,0,0.00%
,,,6915,Pittsburgh Brashear HS,269,163,60.59%,157,58.36%,178,66.17%,15,5.58%,6,2.23%
,,,8105,Pittsburgh Obama 6-12,114,0,0.00%,0,0.00%,0,0.00%,0,0.00%,0,0.00%
,,,8106,Pittsburgh CAPA 6-12,134,2,1.49%,2,1.49%,2,1.49%,0,0.00%,0,0.00%
,,,8107,Pittsburgh Science and Technology Academy,69,0,0.00%,0,0.00%,0,0.00%,0,0.00%,0,0.00%
,,,8110,Pittsburgh Milliones 6-12,72,3,4.17%,3,4.17%,4,5.56%,1,1.39%,0,0.00%
,,,8203,Academy at Westinghouse,75,5,6.67%,5,6.67%,7,9.33%,2,2.67%,0,0.00%
,,,8300,Pittsburgh Online Academy,29,8,27.59%,8,27.59%,8,27.59%,0,0.00%,0,0.00%
,,,9999,Pittsburgh SD,11,1,9.09%,1,9.09%,1,9.09%,0,0.00%,0,0.00%
,103020002,Propel CS-Homestead,7772,Propel CS-Homestead,39,33,84.62%,33,84.62%,33,84.62%,0,0.00%,0,0.00%
,103020603,Allegheny Valley SD,0029,Springdale JSHS,86,62,72.09%,57,66.28%,65,75.58%,3,3.49%,5,5.81%
,,,9999,Allegheny Valley SD,1,0,0.00%,0,0.00%,0,0.00%,0,0.00%,0,0.00%
,103020753,Avonworth SD,5199,Avonworth HS,98,86,87.76%,86,87.76%,86,87.76%,0,0.00%,0,0.00%
,,,9999,Avonworth SD,1,0,0.00%,0,0.00%,0,0.00%,0,0.00%,0,0.00%
,103021003,Pine-Richland SD,0315,Pine-Richland HS,363,334,92.01%,334,92.01%,341,93.94%,7,1.93%,0,0.00%
,,,9999,Pine-Richland SD,1,0,0.00%,0,0.00%,0,0.00%,0,0.00%,0,0.00%
,103021102,Baldwin-Whitehall SD,0050,Baldwin SHS,329,272,82.67%,268,81.46%,282,85.71%,10,3.04%,4,1.22%
,,,9999,Baldwin-Whitehall SD,2,0,0.00%,0,0.00%,0,0.00%,0,0.00%,0,0.00%
,103021252,Bethel Park SD,0062,Bethel Park HS,416,338,81.25%,338,81.25%,338,81.25%,0,0.00%,0,0.00%
,,,9999,Bethel Park SD,5,0,0.00%,0,0.00%,0,0.00%,0,0.00%,0,0.00%
,103021453,Brentwood Borough SD,0070,Brentwood SHS,109,94,86.24%,87,79.82%,96,88.07%,2,1.83%,7,6.42%
,103021603,Carlynton SD,0079,Carlynton JSHS,104,72,69.23%,65,62.50%,75,72.12%,3,2.88%,7,6.73%
,103021752,Chartiers Valley SD,6706,Chartiers Valley HS,267,215,80.52%,215,80.52%,215,80.52%,0,0.00%,0,0.00%
,,,9999,Chartiers Valley SD,1,0,0.00%,0,0.00%,1,100.00%,1,100.00%,0,0.00%
,103021903,Clairton City SD,8094,Clairton MS/HS,51,34,66.67%,28,54.90%,34,66.67%,0,0.00%,6,11.76%
,,,9999,Clairton City SD,1,0,0.00%,0,0.00%,0,0.00%,0,0.00%,0,0.00%
,103022103,Cornell SD,8087,Cornell HS,44,35,79.55%,35,79.55%,40,90.91%,5,11.36%,0,0.00%
,103022253,Deer Lakes SD,0513,Deer Lakes HS,160,122,76.25%,122,76.25%,138,86.25%,16,10.00%,0,0.00%
,,,9999,Deer Lakes SD,4,1,25.00%,1,25.00%,1,25.00%,0,0.00%,0,0.00%
,103022803,East Allegheny SD,8340,East Allegheny JSHS,103,79,76.70%,77,74.76%,79,76.70%,0,0.00%,2,1.94%
,,,9999,East Allegheny SD,1,0,0.00%,0,0.00%,0,0.00%,0,0.00%,0,0.00%
,103023153,Elizabeth Forward SD,0144,Elizabeth Forward SHS,195,146,74.87%,137,70.26%,147,75.38%,1,0.51%,9,4.62%
,103023410,Spectrum CS,7648,Spectrum CS,10,1,10.00%,1,10.00%,1,10.00%,0,0.00%,0,0.00%
,103023912,Fox Chapel Area SD,0156,Fox Chapel Area HS,346,303,87.57%,302,87.28%,305,88.15%,2,0.58%,1,0.29%
,,,9999,Fox Chapel Area SD,1,1,100.00%,1,100.00%,1,100.00%,0,0.00%,0,0.00%
,103024102,Gateway SD,0170,Gateway SHS,269,222,82.53%,216,80.30%,226,84.01%,4,1.49%,6,2.23%
,,,9999,Gateway SD,7,0,0.00%,0,0.00%,0,0.00%,0,0.00%,0,0.00%
,103024603,Hampton Township SD,5190,Hampton HS,263,243,92.40%,242,92.02%,244,92.78%,1,0.38%,1,0.38%
,,,9999,Hampton Township SD,1,0,0.00%,0,0.00%,0,0.00%,0,0.00%,0,0.00%
,103024753,Highlands SD,5153,Highlands SHS,159,101,63.52%,100,62.89%,107,67.30%,6,3.77%,1,0.63%
,,,9999,Highlands SD,2,0,0.00%,0,0.00%,0,0.00%,0,0.00%,0,0.00%
,103025002,Keystone Oaks SD,5112,Keystone Oaks HS,139,109,78.42%,100,71.94%,109,78.42%,0,0.00%,9,6.47%
,,,9999,Keystone Oaks SD,5,0,0.00%,0,0.00%,0,0.00%,0,0.00%,0,0.00%
,103026002,McKeesport Area SD,6105,McKeesport Area SHS,238,132,55.46%,132,55.46%,147,61.76%,15,6.30%,0,0.00%
,103026303,Montour SD,5017,Montour HS,258,215,83.33%,212,82.17%,218,84.50%,3,1.16%,3,1.16%
,,,9999,Montour SD,5,1,20.00%,1,20.00%,1,20.00%,0,0.00%,0,0.00%
,103026343,Moon Area SD,4951,Moon SHS,274,253,92.34%,242,88.32%,254,92.70%,1,0.36%,11,4.01%
,,,9999,Moon Area SD,8,1,12.50%,0,0.00%,1,12.50%,0,0.00%,1,12.50%
,103026402,Mt Lebanon SD,0254,Mt Lebanon SHS,437,422,96.57%,422,96.57%,423,96.80%,1,0.23%,0,0.00%
,,,9999,Mt Lebanon SD,2,1,50.00%,1,50.00%,1,50.00%,0,0.00%,0,0.00%
,103026852,North Allegheny SD,8305,North Allegheny HS,641,575,89.70%,570,88.92%,576,89.86%,1,0.16%,5,0.78%
,103026873,Northgate SD,0053,Northgate MSHS,61,44,72.13%,44,72.13%,47,77.05%,3,4.92%,0,0.00%
,103026902,North Hills SD,7101,North Hills SHS,348,277,79.60%,271,77.87%,297,85.34%,20,5.75%,6,1.72%
,103027352,Penn Hills SD,0309,Penn Hills SHS,293,233,79.52%,229,78.16%,242,82.59%,9,3.07%,4,1.37%
,,,9999,Penn Hills SD,1,0,0.00%,0,0.00%,0,0.00%,0,0.00%,0,0.00%
,103027503,Plum Borough SD,0435,Plum SHS,300,231,77.00%,226,75.33%,241,80.33%,10,3.33%,5,1.67%
,,,9999,Plum Borough SD,5,0,0.00%,0,0.00%,0,0.00%,0,0.00%,0,0.00%
,103027753,Quaker Valley SD,0448,Quaker Valley HS,151,128,84.77%,126,83.44%,128,84.77%,0,0.00%,2,1.32%
,,,9999,Quaker Valley SD,5,1,20.00%,1,20.00%,1,20.00%,0,0.00%,0,0.00%
,103028203,Riverview SD,6928,Riverview JSHS,62,55,88.71%,55,88.71%,56,90.32%,1,1.61%,0,0.00%
,103028302,Shaler Area SD,0460,Shaler Area HS,375,271,72.27%,271,72.27%,294,78.40%,23,6.13%,0,0.00%
,,,9999,Shaler Area SD,7,0,0.00%,0,0.00%,0,0.00%,0,0.00%,0,0.00%
,103028425,Westinghouse Arts Academy CS,8392,Westinghouse Arts Academy CS,5,1,20.00%,1,20.00%,2,40.00%,1,20.00%,0,0.00%
,103028653,South Allegheny SD,0440,South Allegheny MS/HS,110,65,59.09%,60,54.55%,68,61.82%,3,2.73%,5,4.55%
,,,9999,South Allegheny SD,4,0,0.00%,0,0.00%,0,0.00%,0,0.00%,0,0.00%
,103028703,South Fayette Township SD,0470,South Fayette Twp HS,189,170,89.95%,170,89.95%,170,89.95%,0,0.00%,0,0.00%
,,,9999,South Fayette Township SD,2,0,0.00%,0,0.00%,0,0.00%,0,0.00%,0,0.00%
,103028753,South Park SD,0467,South Park SHS,171,167,97.66%,167,97.66%,167,97.66%,0,0.00%,0,0.00%
,,,9999,South Park SD,3,1,33.33%,1,33.33%,2,66.67%,1,33.33%,0,0.00%
,103028833,Steel Valley SD,0196,Steel Valley SHS,114,70,61.40%,66,57.89%,76,66.67%,6,5.26%,4,3.51%
,,,9999,Steel Valley SD,2,0,0.00%,0,0.00%,0,0.00%,0,0.00%,0,0.00%
,103028853,Sto-Rox SD,0477,Sto-Rox JSHS,64,45,70.31%,44,68.75%,45,70.31%,0,0.00%,1,1.56%
,,,9999,Sto-Rox SD,5,1,20.00%,0,0.00%,1,20.00%,0,0.00%,1,20.00%
,103029203,Upper Saint Clair SD,0492,Upper Saint Clair HS,336,311,92.56%,311,92.56%,311,92.56%,0,0.00%,0,0.00%
,,,9999,Upper Saint Clair SD,3,0,0.00%,0,0.00%,0,0.00%,0,0.00%,0,0.00%
,103029403,West Allegheny SD,0509,West Allegheny SHS,255,223,87.45%,220,86.27%,225,88.24%,2,0.78%,3,1.18%
,103029553,West Jefferson Hills SD,0523,Thomas Jefferson HS,206,173,83.98%,171,83.01%,174,84.47%,1,0.49%,2,0.97%
,103029603,West Mifflin Area SD,0536,West Mifflin Area HS,246,186,75.61%,174,70.73%,189,76.83%,3,1.22%,12,4.88%
,,,9999,West Mifflin Area SD,5,0,0.00%,0,0.00%,0,0.00%,0,0.00%,0,0.00%
,103029902,Woodland Hills SD,0107,Woodland Hills JSHS,255,188,73.73%,182,71.37%,197,77.25%,9,3.53%,6,2.35%
,,,9999,Woodland Hills SD,7,1,14.29%,1,14.29%,4,57.14%,3,42.86%,0,0.00%
,115220003,Pennsylvania Distance Learning CS,7821,Pennsylvania Distance Learning CS,93,56,60.22%,52,55.91%,60,64.52%,4,4.30%,4,4.30%
,160028259,Propel CS-Braddock Hills,8129,Propel CS-Braddock Hills,50,44,88.00%,38,76.00%,45,90.00%,1,2.00%,6,12.00%
Armstrong,128030603,Apollo-Ridge SD,2320,Apollo-Ridge HS,67,39,58.21%,38,56.72%,41,61.19%,2,2.99%,1,1.49%
,,,9999,Apollo-Ridge SD,4,0,0.00%,0,0.00%,0,0.00%,0,0.00%,0,0.00%
,128030852,Armstrong SD,7640,West Shamokin JSHS,66,39,59.09%,38,57.58%,40,60.61%,1,1.52%,1,1.52%
,,,8342,Armstrong JSHS,220,0,0.00%,0,0.00%,0,0.00%,0,0.00%,0,0.00%
,,,9999,Armstrong SD,2,0,0.00%,0,0.00%,0,0.00%,0,0.00%,0,0.00%
,128033053,Freeport Area SD,0594,Freeport Area SHS,160,133,83.13%,126,78.75%,134,83.75%,1,0.63%,7,4.38%
,128034503,Leechburg Area SD,7923,Leechburg Area HS,55,34,61.82%,34,61.82%,38,69.09%,4,7.27%,0,0.00%
,128034607,Lenape Tech,4807,Lenape Tech,166,71,42.77%,64,38.55%,83,50.00%,12,7.23%,7,4.22%
Beaver,127040002,Lincoln Park Performing Arts CS,7859,Lincoln Park Performing Arts CS,129,108,83.72%,108,83.72%,111,86.05%,3,2.33%,0,0.00%
,127040503,Aliquippa SD,8086,Aliquippa JSHS,57,33,57.89%,24,42.11%,34,59.65%,1,1.75%,9,15.79%
,127040703,Ambridge Area SD,6555,Ambridge Area HS,164,114,69.51%,102,62.20%,123,75.00%,9,5.49%,12,7.32%
,,,9999,Ambridge Area SD,6,0,0.00%,0,0.00%,0,0.00%,0,0.00%,0,0.00%
,127041203,Beaver Area SD,0640,Beaver Area SHS,169,136,80.47%,131,77.51%,138,81.66%,2,1.18%,5,2.96%
,127041503,Big Beaver Falls Area SD,0649,Beaver Falls Area SHS,81,40,49.38%,39,48.15%,45,55.56%,5,6.17%,1,1.23%
,127041603,Blackhawk SD,6707,Blackhawk HS,207,177,85.51%,170,82.13%,181,87.44%,4,1.93%,7,3.38%
,,,9999,Blackhawk SD,3,0,0.00%,0,0.00%,0,0.00%,0,0.00%,0,0.00%
,127042003,Central Valley SD,8044,Central Valley HS,160,113,70.63%,112,70.00%,113,70.63%,0,0.00%,1,0.63%
,127042853,Freedom Area SD,6563,Freedom Area SHS,110,61,55.45%,51,46.36%,69,62.73%,8,7.27%,10,9.09%
,127043430,Pennsylvania Cyber CS,7650,Pennsylvania Cyber CS,"1,294",686,53.01%,576,44.51%,712,55.02%,26,2.01%,110,8.50%
,127044103,Hopewell Area SD,0675,Hopewell SHS,153,112,73.20%,108,70.59%,117,76.47%,5,3.27%,4,2.61%
,127045653,New Brighton Area SD,0695,New Brighton Area HS,105,59,56.19%,56,53.33%,60,57.14%,1,0.95%,3,2.86%
,,,9999,New Brighton Area SD,1,0,0.00%,0,0.00%,1,100.00%,1,100.00%,0,0.00%
,127045853,Riverside Beaver County SD,0700,Riverside HS,102,68,66.67%,66,64.71%,68,66.67%,0,0.00%,2,1.96%
,,,9999,Riverside Beaver County SD,1,0,0.00%,0,0.00%,0,0.00%,0,0.00%,0,0.00%
,127046903,Rochester Area SD,8000,Rochester High School,52,28,53.85%,27,51.92%,33,63.46%,5,9.62%,1,1.92%
,,,9999,Rochester Area SD,3,0,0.00%,0,0.00%,0,0.00%,0,0.00%,0,0.00%
,127047404,South Side Area SD,0714,South Side HS,89,66,74.16%,65,73.03%,66,74.16%,0,0.00%,1,1.12%
,,,9999,South Side Area SD,1,0,0.00%,0,0.00%,0,0.00%,0,0.00%,0,0.00%
,127049303,Western Beaver County SD,0719,Western Beaver Co JSHS,56,32,57.14%,29,51.79%,34,60.71%,2,3.57%,3,5.36%
,,,9999,Western Beaver County SD,2,0,0.00%,0,0.00%,0,0.00%,0,0.00%,0,0.00%
Bedford,108051003,Bedford Area SD,0726,Bedford SHS,146,74,50.68%,73,50.00%,80,54.79%,6,4.11%,1,0.68%
,,,9999,Bedford Area SD,1,0,0.00%,0,0.00%,0,0.00%,0,0.00%,0,0.00%
,108051503,Chestnut Ridge SD,0732,Chestnut Ridge SHS,114,66,57.89%,60,52.63%,78,68.42%,12,10.53%,6,5.26%
,,,9999,Chestnut Ridge SD,1,0,0.00%,0,0.00%,0,0.00%,0,0.00%,0,0.00%
,108053003,Everett Area SD,7897,Everett Area HS,98,53,54.08%,53,54.08%,55,56.12%,2,2.04%,0,0.00%
,108056004,Northern Bedford County SD,0747,Northern Bedford Co MS/SHS,79,35,44.30%,33,41.77%,36,45.57%,1,1.27%,2,2.53%
,108057079,HOPE for Hyndman CS,8154,HOPE for Hyndman CS,34,15,44.12%,14,41.18%,16,47.06%,1,2.94%,1,2.94%
,108058003,Tussey Mountain SD,0753,Tussey Mountain HS,74,37,50.00%,32,43.24%,37,50.00%,0,0.00%,5,6.76%
Berks,114060392,I-LEAD Charter School,8155,I-LEAD Charter School,71,32,45.07%,32,45.07%,39,54.93%,7,9.86%,0,0.00%
,114060503,Antietam SD,0820,Antietam MS/HS,81,65,80.25%,65,80.25%,66,81.48%,1,1.23%,0,0.00%
,,,9999,Antietam SD,3,0,0.00%,0,0.00%,0,0.00%,0,0.00%,0,0.00%
,114060753,Boyertown Area SD,6306,Boyertown Area SHS,522,385,73.75%,376,72.03%,389,74.52%,4,0.77%,9,1.72%
,,,9999,Boyertown Area SD,19,3,15.79%,2,10.53%,4,21.05%,1,5.26%,1,5.26%
,114060853,Brandywine Heights Area SD,6308,Brandywine Heights HS,113,75,66.37%,72,63.72%,75,66.37%,0,0.00%,3,2.65%
,,,9999,Brandywine Heights Area SD,1,0,0.00%,0,0.00%,0,0.00%,0,0.00%,0,0.00%
,114061103,Conrad Weiser Area SD,0777,Conrad Weiser HS,242,174,71.90%,165,68.18%,181,74.79%,7,2.89%,9,3.72%
,,,9999,Conrad Weiser Area SD,2,1,50.00%,0,0.00%,1,50.00%,0,0.00%,1,50.00%
,114061503,Daniel Boone Area SD,4810,Daniel Boone Area HS,287,219,76.31%,219,76.31%,224,78.05%,5,1.74%,0,0.00%
,,,9999,Daniel Boone Area SD,5,0,0.00%,0,0.00%,0,0.00%,0,0.00%,0,0.00%
,114062003,Exeter Township SD,0788,Exeter Twp SHS,327,233,71.25%,231,70.64%,241,73.70%,8,2.45%,2,0.61%
,,,9999,Exeter Township SD,6,2,33.33%,2,33.33%,2,33.33%,0,0.00%,0,0.00%
,114062503,Fleetwood Area SD,5023,Fleetwood SHS,193,129,66.84%,121,62.69%,130,67.36%,1,0.52%,8,4.15%
,114063003,Governor Mifflin SD,0802,Governor Mifflin SHS,327,230,70.34%,225,68.81%,236,72.17%,6,1.83%,5,1.53%
,114063503,Hamburg Area SD,0808,Hamburg Area HS,169,102,60.36%,92,54.44%,102,60.36%,0,0.00%,10,5.92%
,,,9999,Hamburg Area SD,1,0,0.00%,0,0.00%,0,0.00%,0,0.00%,0,0.00%
,114064003,Kutztown Area SD,0816,Kutztown Area SHS,113,77,68.14%,77,68.14%,87,76.99%,10,8.85%,0,0.00%
,114065503,Muhlenberg SD,6610,Muhlenberg HS,265,179,67.55%,173,65.28%,179,67.55%,0,0.00%,6,2.26%
,114066503,Oley Valley SD,6318,Oley Valley SHS,135,101,74.81%,101,74.81%,111,82.22%,10,7.41%,0,0.00%
,,,9999,Oley Valley SD,8,2,25.00%,2,25.00%,3,37.50%,1,12.50%,0,0.00%
,114067002,Reading SD,8116,Reading SHS,795,478,60.13%,442,55.60%,483,60.75%,5,0.63%,36,4.53%
,,,9999,Reading SD,8,0,0.00%,0,0.00%,0,0.00%,0,0.00%,0,0.00%
,114067503,Schuylkill Valley SD,0864,Schuylkill Valley HS,144,110,76.39%,105,72.92%,114,79.17%,4,2.78%,5,3.47%
,,,9999,Schuylkill Valley SD,1,0,0.00%,0,0.00%,0,0.00%,0,0.00%,0,0.00%
,114068003,Tulpehocken Area SD,4670,Tulpehocken JSHS,111,58,52.25%,58,52.25%,62,55.86%,4,3.60%,0,0.00%
,,,9999,Tulpehocken Area SD,1,0,0.00%,0,0.00%,0,0.00%,0,0.00%,0,0.00%
,114068103,Twin Valley SD,0873,Twin Valley HS,266,191,71.80%,180,67.67%,195,73.31%,4,1.50%,11,4.14%
,,,9999,Twin Valley SD,17,4,23.53%,4,23.53%,6,35.29%,2,11.76%,0,0.00%
,114069103,Wilson  SD,6980,Wilson HS,489,290,59.30%,290,59.30%,294,60.12%,4,0.82%,0,0.00%
,,,9999,Wilson  SD,2,0,0.00%,0,0.00%,0,0.00%,0,0.00%,0,0.00%
,114069353,Wyomissing Area SD,0887,Wyomissing Area JSHS,166,134,80.72%,133,80.12%,136,81.93%,2,1.20%,1,0.60%
,,,9999,Wyomissing Area SD,5,1,20.00%,1,20.00%,1,20.00%,0,0.00%,0,0.00%
Blair,108070001,Central PA Digital Learning Foundation C,7720,Central PA Digital Lrng Foundation CS,16,4,25.00%,3,18.75%,4,25.00%,0,0.00%,1,6.25%
,108070502,Altoona Area SD,0913,Altoona Area HS,533,302,56.66%,294,55.16%,336,63.04%,34,6.38%,8,1.50%
,,,7425,Kimmel Alternative School,3,0,0.00%,0,0.00%,0,0.00%,0,0.00%,0,0.00%
,108071003,Bellwood-Antis SD,0917,Bellwood-Antis HS,85,58,68.24%,58,68.24%,58,68.24%,0,0.00%,0,0.00%
,,,9999,Bellwood-Antis SD,2,0,0.00%,0,0.00%,0,0.00%,0,0.00%,0,0.00%
,108071504,Claysburg-Kimmel SD,0921,Claysburg-Kimmel HS,53,0,0.00%,0,0.00%,0,0.00%,0,0.00%,0,0.00%
,108073503,Hollidaysburg Area SD,5207,Hollidaysburg Area SHS,263,172,65.40%,168,63.88%,178,67.68%,6,2.28%,4,1.52%
,,,9999,Hollidaysburg Area SD,1,0,0.00%,0,0.00%,0,0.00%,0,0.00%,0,0.00%
,108077503,Spring Cove SD,0941,Central HS,138,88,63.77%,84,60.87%,92,66.67%,4,2.90%,4,2.90%
,,,9999,Spring Cove SD,1,0,0.00%,0,0.00%,0,0.00%,0,0.00%,0,0.00%
,108078003,Tyrone Area SD,0949,Tyrone Area HS,131,83,63.36%,79,60.31%,88,67.18%,5,3.82%,4,3.05%
,108079004,Williamsburg Community SD,0951,Williamsburg Community JSHS,29,13,44.83%,10,34.48%,15,51.72%,2,6.90%,3,10.34%
,,,9999,Williamsburg Community SD,2,0,0.00%,0,0.00%,0,0.00%,0,0.00%,0,0.00%
Bradford,117080503,Athens Area SD,0958,Athens Area HS,151,80,52.98%,77,50.99%,82,54.30%,2,1.32%,3,1.99%
,117081003,Canton Area SD,0988,Canton JSHS,69,40,57.97%,40,57.97%,40,57.97%,0,0.00%,0,0.00%
,117083004,Northeast Bradford SD,0964,Northeast Bradford JSHS,75,37,49.33%,34,45.33%,41,54.67%,4,5.33%,3,4.00%
,117086003,Sayre Area SD,0965,Sayre Area HS,62,36,58.06%,36,58.06%,42,67.74%,6,9.68%,0,0.00%
,117086503,Towanda Area SD,5208,Towanda Area JSHS,111,72,64.86%,68,61.26%,78,70.27%,6,5.41%,4,3.60%
,117086653,Troy Area SD,1000,Troy Area JSHS,97,57,58.76%,57,58.76%,60,61.86%,3,3.09%,0,0.00%
,117089003,Wyalusing Area SD,1005,Wyalusing Valley JSHS,88,50,56.82%,49,55.68%,50,56.82%,0,0.00%,1,1.14%
Bucks,122090001,Center for Student Learning CS at Pennsb,7726,Center for Student Lrng CS Pennsbury,26,14,53.85%,14,53.85%,16,61.54%,2,7.69%,0,0.00%
,122091002,Bensalem Township SD,5116,Bensalem Twp HS,396,320,80.81%,318,80.30%,326,82.32%,6,1.52%,2,0.51%
,,,9999,Bensalem Township SD,20,0,0.00%,0,0.00%,0,0.00%,0,0.00%,0,0.00%
,122091303,Bristol Borough SD,1014,Bristol HS,64,48,75.00%,48,75.00%,53,82.81%,5,7.81%,0,0.00%
,,,9999,Bristol Borough SD,6,1,16.67%,1,16.67%,1,16.67%,0,0.00%,0,0.00%
,122091352,Bristol Township SD,1029,Truman SHS,370,215,58.11%,215,58.11%,232,62.70%,17,4.59%,0,0.00%
,,,9999,Bristol Township SD,26,0,0.00%,0,0.00%,0,0.00%,0,0.00%,0,0.00%
,122091457,Bucks County Technical High School,1030,Bucks County Technical High School,298,214,71.81%,214,71.81%,245,82.21%,31,10.40%,0,0.00%
,122092002,Centennial SD,1040,William Tennent HS,408,326,79.90%,324,79.41%,336,82.35%,10,2.45%,2,0.49%
,,,9999,Centennial SD,17,5,29.41%,5,29.41%,5,29.41%,0,0.00%,0,0.00%
,122092102,Central Bucks SD,1043,Central Bucks HS-West,477,434,90.99%,434,90.99%,434,90.99%,0,0.00%,0,0.00%
,,,5133,Central Bucks HS-East,504,472,93.65%,472,93.65%,472,93.65%,0,0.00%,0,0.00%
,,,7790,Central Bucks HS-South,549,511,93.08%,509,92.71%,512,93.26%,1,0.18%,2,0.36%
,,,9999,Central Bucks SD,17,1,5.88%,1,5.88%,1,5.88%,0,0.00%,0,0.00%
,122092353,Council Rock SD,5096,Council Rock HS North,421,380,90.26%,380,90.26%,381,90.50%,1,0.24%,0,0.00%
,,,7749,Council Rock HS South,522,473,90.61%,470,90.04%,480,91.95%,7,1.34%,3,0.57%
,122093140,School Lane CS,7568,School Lane CS,59,51,86.44%,51,86.44%,52,88.14%,1,1.69%,0,0.00%
,122097203,Morrisville Borough SD,8381,Morrisville HS,54,43,79.63%,43,79.63%,46,85.19%,3,5.56%,0,0.00%
,,,9999,Morrisville Borough SD,1,0,0.00%,0,0.00%,0,0.00%,0,0.00%,0,0.00%
,122097502,Neshaminy SD,6455,Neshaminy HS,626,560,89.46%,559,89.30%,574,91.69%,14,2.24%,1,0.16%
,,,9999,Neshaminy SD,10,1,10.00%,1,10.00%,1,10.00%,0,0.00%,0,0.00%
,122097604,New Hope-Solebury SD,1084,New Hope-Solebury HS,128,123,96.09%,123,96.09%,123,96.09%,0,0.00%,0,0.00%
,,,9999,New Hope-Solebury SD,3,0,0.00%,0,0.00%,0,0.00%,0,0.00%,0,0.00%
,122098003,Palisades SD,1094,Palisades HS,139,109,78.42%,109,78.42%,112,80.58%,3,2.16%,0,0.00%
,,,9999,Palisades SD,5,0,0.00%,0,0.00%,0,0.00%,0,0.00%,0,0.00%
,122098103,Pennridge SD,1100,Pennridge HS,562,454,80.78%,453,80.60%,458,81.49%,4,0.71%,1,0.18%
,,,9999,Pennridge SD,11,0,0.00%,0,0.00%,0,0.00%,0,0.00%,0,0.00%
,122098202,Pennsbury SD,4682,Pennsbury HS,805,666,82.73%,663,82.36%,679,84.35%,13,1.61%,3,0.37%
,,,9999,Pennsbury SD,2,0,0.00%,0,0.00%,0,0.00%,0,0.00%,0,0.00%
,122098403,Quakertown Community SD,1128,Quakertown Community HS,381,296,77.69%,293,76.90%,299,78.48%,3,0.79%,3,0.79%
,,,9999,Quakertown Community SD,7,1,14.29%,1,14.29%,1,14.29%,0,0.00%,0,0.00%
Butler,104101252,Butler Area SD,8344,Butler Area SHS,518,402,77.61%,386,74.52%,435,83.98%,33,6.37%,16,3.09%
,,,9999,Butler Area SD,28,3,10.71%,3,10.71%,4,14.29%,1,3.57%,0,0.00%
,104103603,Karns City Area SD,1154,Karns City HS,135,78,57.78%,75,55.56%,84,62.22%,6,4.44%,3,2.22%
,,,9999,Karns City Area SD,1,0,0.00%,0,0.00%,0,0.00%,0,0.00%,0,0.00%
,104105003,Mars Area SD,1159,Mars Area SHS,278,241,86.69%,241,86.69%,245,88.13%,4,1.44%,0,0.00%
,,,9999,Mars Area SD,6,0,0.00%,0,0.00%,0,0.00%,0,0.00%,0,0.00%
,104105353,Moniteau SD,1164,Moniteau JSHS,96,50,52.08%,43,44.79%,50,52.08%,0,0.00%,7,7.29%
,,,9999,Moniteau SD,2,0,0.00%,0,0.00%,0,0.00%,0,0.00%,0,0.00%
,104107503,Slippery Rock Area SD,1172,Slippery Rock Area HS,138,90,65.22%,88,63.77%,90,65.22%,0,0.00%,2,1.45%
,,,9999,Slippery Rock Area SD,3,0,0.00%,0,0.00%,0,0.00%,0,0.00%,0,0.00%
,104107803,South Butler County SD,1177,Knoch HS,208,145,69.71%,145,69.71%,158,75.96%,13,6.25%,0,0.00%
,,,9999,South Butler County SD,1,0,0.00%,0,0.00%,1,100.00%,1,100.00%,0,0.00%
,104107903,Seneca Valley SD,8318,Seneca Valley HS,542,453,83.58%,453,83.58%,470,86.72%,17,3.14%,0,0.00%
,,,9999,Seneca Valley SD,6,2,33.33%,2,33.33%,2,33.33%,0,0.00%,0,0.00%
Cambria,108110603,Blacklick Valley SD,5135,Blacklick Valley JSHS,47,28,59.57%,28,59.57%,30,63.83%,2,4.26%,0,0.00%
,108111203,Cambria Heights SD,5212,Cambria Heights SHS,115,68,59.13%,68,59.13%,76,66.09%,8,6.96%,0,0.00%
,,,9999,Cambria Heights SD,2,0,0.00%,0,0.00%,0,0.00%,0,0.00%,0,0.00%
,108111303,Central Cambria SD,1208,Central Cambria HS,137,99,72.26%,98,71.53%,106,77.37%,7,5.11%,1,0.73%
,,,9999,Central Cambria SD,1,0,0.00%,0,0.00%,0,0.00%,0,0.00%,0,0.00%
,108111403,Conemaugh Valley SD,5136,Conemaugh Valley JSHS,73,41,56.16%,41,56.16%,41,56.16%,0,0.00%,0,0.00%
,108112003,Ferndale Area SD,1225,Ferndale Area JSHS,54,37,68.52%,35,64.81%,39,72.22%,2,3.70%,2,3.70%
,108112203,Forest Hills SD,8382,Forest Hills JSHS,145,91,62.76%,81,55.86%,102,70.34%,11,7.59%,10,6.90%
,108112502,Greater Johnstown SD,1251,Greater Johnstown SHS,181,126,69.61%,102,56.35%,126,69.61%,0,0.00%,24,13.26%
,,,8314,Greater Johnstown School District's Cybe,8,1,12.50%,0,0.00%,1,12.50%,0,0.00%,1,12.50%
,,,9999,Greater Johnstown SD,12,0,0.00%,0,0.00%,0,0.00%,0,0.00%,0,0.00%
,108114503,Northern Cambria SD,6201,Northern Cambria HS,83,58,69.88%,58,69.88%,59,71.08%,1,1.20%,0,0.00%
,108116003,Penn Cambria SD,1213,Penn Cambria HS,123,92,74.80%,85,69.11%,93,75.61%,1,0.81%,7,5.69%
,,,9999,Penn Cambria SD,2,0,0.00%,0,0.00%,0,0.00%,0,0.00%,0,0.00%
,108116303,Portage Area SD,1270,Portage Area JSHS,68,54,79.41%,48,70.59%,56,82.35%,2,2.94%,6,8.82%
,108116503,Richland SD,7941,Richland HS,127,102,80.31%,100,78.74%,105,82.68%,3,2.36%,2,1.57%
,,,9999,Richland SD,2,0,0.00%,0,0.00%,0,0.00%,0,0.00%,0,0.00%
,108118503,Westmont Hilltop SD,8379,Westmont Hilltop JSHS,102,92,90.20%,92,90.20%,92,90.20%,0,0.00%,0,0.00%
Cameron,109122703,Cameron County SD,1299,Cameron County JSHS,51,26,50.98%,21,41.18%,31,60.78%,5,9.80%,5,9.80%
,,,9999,Cameron County SD,1,0,0.00%,0,0.00%,0,0.00%,0,0.00%,0,0.00%
Carbon,121131507,Carbon Career & Technical Institute,4870,Carbon Career & Technical Institute,93,34,36.56%,32,34.41%,34,36.56%,0,0.00%,2,2.15%
,121135003,Jim Thorpe Area SD,1307,Jim Thorpe Area HS,122,90,73.77%,88,72.13%,95,77.87%,5,4.10%,2,1.64%
,,,9999,Jim Thorpe Area SD,3,0,0.00%,0,0.00%,0,0.00%,0,0.00%,0,0.00%
,121135503,Lehighton Area SD,1315,Lehighton Area HS,163,109,66.87%,108,66.26%,120,73.62%,11,6.75%,1,0.61%
,121136503,Palmerton Area SD,4734,Palmerton Area HS,114,89,78.07%,89,78.07%,92,80.70%,3,2.63%,0,0.00%
,,,9999,Palmerton Area SD,8,0,0.00%,0,0.00%,0,0.00%,0,0.00%,0,0.00%
,121136603,Panther Valley SD,8348,Panther Valley JSHS,112,56,50.00%,53,47.32%,56,50.00%,0,0.00%,3,2.68%
,,,9999,Panther Valley SD,6,1,16.67%,1,16.67%,1,16.67%,0,0.00%,0,0.00%
,121139004,Weatherly Area SD,1327,Weatherly Area SHS,50,31,62.00%,31,62.00%,32,64.00%,1,2.00%,0,0.00%
,,,9999,Weatherly Area SD,2,0,0.00%,0,0.00%,0,0.00%,0,0.00%,0,0.00%
Centre,110141003,Bald Eagle Area SD,1335,Bald Eagle Area JSHS,144,73,50.69%,68,47.22%,79,54.86%,6,4.17%,5,3.47%
,110141103,Bellefonte Area SD,1343,Bellefonte Area HS,198,130,65.66%,127,64.14%,134,67.68%,4,2.02%,3,1.52%
,110147003,Penns Valley Area SD,6231,Penns Valley Area JSHS,100,78,78.00%,75,75.00%,83,83.00%,5,5.00%,3,3.00%
,110148002,State College Area SD,1364,State College Area HS,579,453,78.24%,447,77.20%,453,78.24%,0,0.00%,6,1.04%
Chester,124150002,21st Century Cyber CS,7691,21st Century Cyber CS,156,66,42.31%,66,42.31%,73,46.79%,7,4.49%,0,0.00%
,124150003,Avon Grove CS,7721,Avon Grove CS,70,58,82.86%,54,77.14%,58,82.86%,0,0.00%,4,5.71%
,124150004,Pennsylvania Leadership Charter School,7819,Pennsylvania Leadership CS,358,236,65.92%,234,65.36%,270,75.42%,34,9.50%,2,0.56%
,124150503,Avon Grove SD,1367,Avon Grove HS,429,384,89.51%,375,87.41%,386,89.98%,2,0.47%,9,2.10%
,,,9999,Avon Grove SD,8,1,12.50%,1,12.50%,1,12.50%,0,0.00%,0,0.00%
,124151902,Coatesville Area SD,5012,Coatesville Area SHS,420,310,73.81%,281,66.90%,324,77.14%,14,3.33%,29,6.90%
,,,8415,Coatesville Area SD Cyber Academy,38,10,26.32%,8,21.05%,11,28.95%,1,2.63%,2,5.26%
,,,9999,Coatesville Area SD,12,0,0.00%,0,0.00%,0,0.00%,0,0.00%,0,0.00%
,124152003,Downingtown Area SD,1387,Downingtown HS West Campus,358,304,84.92%,299,83.52%,307,85.75%,3,0.84%,5,1.40%
,,,7759,Downingtown HS East Campus,452,410,90.71%,408,90.27%,415,91.81%,5,1.11%,2,0.44%
,,,8174,Downingtown STEM Academy,194,194,100.00%,194,100.00%,194,100.00%,0,0.00%,0,0.00%
,,,9999,Downingtown Area SD,12,2,16.67%,2,16.67%,2,16.67%,0,0.00%,0,0.00%
,124153320,Collegium CS,7628,Collegium CS,74,63,85.14%,63,85.14%,66,89.19%,3,4.05%,0,0.00%
,124153350,Renaissance Academy CS,7636,Renaissance Academy CS,72,66,91.67%,66,91.67%,70,97.22%,4,5.56%,0,0.00%
,124153503,Great Valley SD,1424,Great Valley HS,312,289,92.63%,289,92.63%,289,92.63%,0,0.00%,0,0.00%
,,,9999,Great Valley SD,18,0,0.00%,0,0.00%,0,0.00%,0,0.00%,0,0.00%
,124154003,Kennett Consolidated SD,6482,Kennett HS,330,274,83.03%,273,82.73%,287,86.97%,13,3.94%,1,0.30%
,,,9999,Kennett Consolidated SD,4,1,25.00%,1,25.00%,1,25.00%,0,0.00%,0,0.00%
,124156503,Octorara Area SD,1414,Octorara Area JSHS,192,123,64.06%,108,56.25%,123,64.06%,0,0.00%,15,7.81%
,,,9999,Octorara Area SD,4,0,0.00%,0,0.00%,0,0.00%,0,0.00%,0,0.00%
,124156603,Owen J Roberts SD,1406,Owen J Roberts HS,395,341,86.33%,340,86.08%,348,88.10%,7,1.77%,1,0.25%
,,,9999,Owen J Roberts SD,23,6,26.09%,6,26.09%,8,34.78%,2,8.70%,0,0.00%
,124156703,Oxford Area SD,1420,Oxford Area HS,329,226,68.69%,220,66.87%,234,71.12%,8,2.43%,6,1.82%
,,,9999,Oxford Area SD,2,0,0.00%,0,0.00%,0,0.00%,0,0.00%,0,0.00%
,124157203,Phoenixville Area SD,1426,Phoenixville Area HS,279,238,85.30%,235,84.23%,245,87.81%,7,2.51%,3,1.08%
,,,9999,Phoenixville Area SD,6,2,33.33%,2,33.33%,3,50.00%,1,16.67%,0,0.00%
,124157802,Tredyffrin-Easttown SD,1423,Conestoga SHS,536,522,97.39%,522,97.39%,522,97.39%,0,0.00%,0,0.00%
,,,9999,Tredyffrin-Easttown SD,20,7,35.00%,6,30.00%,7,35.00%,0,0.00%,1,5.00%
,124158503,Unionville-Chadds Ford SD,1443,Unionville HS,355,341,96.06%,341,96.06%,342,96.34%,1,0.28%,0,0.00%
,,,9999,Unionville-Chadds Ford SD,1,0,0.00%,0,0.00%,0,0.00%,0,0.00%,0,0.00%
,124159002,West Chester Area SD,1453,West Chester Henderson HS,285,262,91.93%,262,91.93%,264,92.63%,2,0.70%,0,0.00%
,,,6734,West Chester East HS,303,275,90.76%,275,90.76%,283,93.40%,8,2.64%,0,0.00%
,,,7894,West Chester Bayard Rustin HS,306,283,92.48%,283,92.48%,287,93.79%,4,1.31%,0,0.00%
,,,9999,West Chester Area SD,31,1,3.23%,1,3.23%,1,3.23%,0,0.00%,0,0.00%
,125230001,Achievement House CS,7824,Achievement House CS,93,35,37.63%,35,37.63%,44,47.31%,9,9.68%,0,0.00%
Clarion,106160303,Allegheny-Clarion Valley SD,4664,Allegheny-Clarion Valley HS,56,35,62.50%,27,48.21%,37,66.07%,2,3.57%,8,14.29%
,,,9999,Allegheny-Clarion Valley SD,18,0,0.00%,0,0.00%,0,0.00%,0,0.00%,0,0.00%
,106161203,Clarion Area SD,1475,Clarion Area JSHS,66,46,69.70%,46,69.70%,49,74.24%,3,4.55%,0,0.00%
,106161703,Clarion-Limestone Area SD,1480,Clarion-Limestone Area JSHS,57,32,56.14%,31,54.39%,35,61.40%,3,5.26%,1,1.75%
,,,9999,Clarion-Limestone Area SD,1,0,0.00%,0,0.00%,0,0.00%,0,0.00%,0,0.00%
,106166503,Keystone  SD,1486,Keystone JSHS,69,49,71.01%,40,57.97%,52,75.36%,3,4.35%,9,13.04%
,,,9999,Keystone  SD,2,0,0.00%,0,0.00%,0,0.00%,0,0.00%,0,0.00%
,106167504,North Clarion County SD,1489,North Clarion Co JSHS,46,28,60.87%,28,60.87%,28,60.87%,0,0.00%,0,0.00%
,106168003,Redbank Valley SD,1495,Redbank Valley HS,55,33,60.00%,33,60.00%,38,69.09%,5,9.09%,0,0.00%
,,,9999,Redbank Valley SD,2,0,0.00%,0,0.00%,0,0.00%,0,0.00%,0,0.00%
,106169003,Union SD,1501,Union HS,38,21,55.26%,20,52.63%,25,65.79%,4,10.53%,1,2.63%
,,,9999,Union SD,1,0,0.00%,0,0.00%,0,0.00%,0,0.00%,0,0.00%
Clearfield,106172003,Dubois Area SD,6156,Dubois Area SHS,250,147,58.80%,146,58.40%,158,63.20%,11,4.40%,1,0.40%
,,,9999,Dubois Area SD,5,0,0.00%,0,0.00%,0,0.00%,0,0.00%,0,0.00%
,110171003,Clearfield Area SD,6236,Clearfield Area JSHS,167,101,60.48%,95,56.89%,103,61.68%,2,1.20%,6,3.59%
,110171803,Curwensville Area SD,1529,Curwensville Area JSHS,89,61,68.54%,56,62.92%,61,68.54%,0,0.00%,5,5.62%
,110173003,Glendale SD,5219,Glendale JSHS,52,26,50.00%,25,48.08%,26,50.00%,0,0.00%,1,1.92%
,110173504,Harmony Area SD,8316,Harmony Area JSHS,23,10,43.48%,9,39.13%,13,56.52%,3,13.04%,1,4.35%
,,,9999,Harmony Area SD,1,0,0.00%,0,0.00%,0,0.00%,0,0.00%,0,0.00%
,110175003,Moshannon Valley SD,1550,Moshannon Valley JSHS,75,49,65.33%,43,57.33%,51,68.00%,2,2.67%,6,8.00%
,110177003,Philipsburg-Osceola Area SD,1560,Philipsburg-Osceola Area HS,138,75,54.35%,66,47.83%,75,54.35%,0,0.00%,9,6.52%
,110179003,West Branch Area SD,1566,West Branch Area JSHS,73,46,63.01%,43,58.90%,46,63.01%,0,0.00%,3,4.11%
Clinton,101833400,Sugar Valley Rural CS,7635,Sugar Valley Rural CS,25,13,52.00%,13,52.00%,16,64.00%,3,12.00%,0,0.00%
,110183602,Keystone Central SD,6241,Bucktail HS,20,15,75.00%,12,60.00%,15,75.00%,0,0.00%,3,15.00%
,,,7589,Central Mountain HS,281,139,49.47%,135,48.04%,139,49.47%,0,0.00%,4,1.42%
Columbia,116191004,Benton Area SD,1595,Benton Area MSHS,41,19,46.34%,19,46.34%,19,46.34%,0,0.00%,0,0.00%
,116191103,Berwick Area SD,1605,Berwick Area HS,157,114,72.61%,110,70.06%,116,73.89%,2,1.27%,4,2.55%
,,,9999,Berwick Area SD,6,3,50.00%,3,50.00%,3,50.00%,0,0.00%,0,0.00%
,116191203,Bloomsburg Area SD,1612,Bloomsburg Area HS,113,77,68.14%,77,68.14%,78,69.03%,1,0.88%,0,0.00%
,,,9999,Bloomsburg Area SD,6,0,0.00%,0,0.00%,0,0.00%,0,0.00%,0,0.00%
,116191503,Central Columbia SD,1619,Central Columbia SHS,126,108,85.71%,108,85.71%,109,86.51%,1,0.79%,0,0.00%
,116191757,Columbia-Montour AVTS,5178,Columbia-Montour AVTS,148,51,34.46%,51,34.46%,54,36.49%,3,2.03%,0,0.00%
,116195004,Millville Area SD,1623,Millville Area JSHS,45,33,73.33%,33,73.33%,33,73.33%,0,0.00%,0,0.00%
,,,9999,Millville Area SD,3,0,0.00%,0,0.00%,0,0.00%,0,0.00%,0,0.00%
,116197503,Southern Columbia Area SD,1627,Southern Columbia HS,99,74,74.75%,74,74.75%,78,78.79%,4,4.04%,0,0.00%
,116493130,Susq-Cyber CS,7567,Susq-Cyber CS,23,12,52.17%,9,39.13%,16,69.57%,4,17.39%,3,13.04%
Crawford,105201033,Conneaut SD,8224,Conneaut Area Senior High,171,74,43.27%,71,41.52%,88,51.46%,14,8.19%,3,1.75%
,105201352,Crawford Central SD,1632,Cochranton JSHS,81,35,43.21%,32,39.51%,36,44.44%,1,1.23%,3,3.70%
,,,1654,Meadville Area SHS,233,135,57.94%,128,54.94%,138,59.23%,3,1.29%,7,3.00%
,105204703,Penncrest SD,1629,Cambridge Springs JSHS,64,36,56.25%,35,54.69%,43,67.19%,7,10.94%,1,1.56%
,,,6136,Saegertown JSHS,87,50,57.47%,49,56.32%,55,63.22%,5,5.75%,1,1.15%
,,,6942,Maplewood JSHS,90,42,46.67%,39,43.33%,49,54.44%,7,7.78%,3,3.33%
,,,9999,Penncrest SD,2,0,0.00%,0,0.00%,0,0.00%,0,0.00%,0,0.00%
Cumberland,115210503,Big Spring SD,1677,Big Spring HS,217,118,54.38%,113,52.07%,122,56.22%,4,1.84%,5,2.30%
,,,9999,Big Spring SD,2,0,0.00%,0,0.00%,0,0.00%,0,0.00%,0,0.00%
,115211003,Camp Hill SD,1682,Camp Hill SHS,97,88,90.72%,88,90.72%,90,92.78%,2,2.06%,0,0.00%
,115211103,Carlisle Area SD,1694,Carlisle Area HS,378,263,69.58%,259,68.52%,266,70.37%,3,0.79%,4,1.06%
,,,9999,Carlisle Area SD,12,0,0.00%,0,0.00%,0,0.00%,0,0.00%,0,0.00%
,115211603,Cumberland Valley SD,1701,Cumberland Valley HS,621,507,81.64%,505,81.32%,514,82.77%,7,1.13%,2,0.32%
,,,9999,Cumberland Valley SD,7,0,0.00%,0,0.00%,0,0.00%,0,0.00%,0,0.00%
,115212503,East Pennsboro Area SD,1707,East Pennsboro Area SHS,189,132,69.84%,130,68.78%,133,70.37%,1,0.53%,2,1.06%
,115216503,Mechanicsburg Area SD,5098,Mechanicsburg Area SHS,266,206,77.44%,205,77.07%,206,77.44%,0,0.00%,1,0.38%
,,,9999,Mechanicsburg Area SD,3,0,0.00%,0,0.00%,0,0.00%,0,0.00%,0,0.00%
,115218003,Shippensburg Area SD,5221,Shippensburg Area SHS,259,145,55.98%,144,55.60%,154,59.46%,9,3.47%,1,0.39%
,115218303,South Middleton SD,6328,Boiling Springs HS,154,110,71.43%,107,69.48%,110,71.43%,0,0.00%,3,1.95%
Dauphin,115220002,Commonwealth Charter Academy CS,7774,Commonwealth Charter Academy CS,"1,027",486,47.32%,480,46.74%,559,54.43%,73,7.11%,6,0.58%
,115221402,Central Dauphin SD,1745,Central Dauphin SHS,386,323,83.68%,323,83.68%,324,83.94%,1,0.26%,0,0.00%
,,,1746,Central Dauphin East SHS,325,170,52.31%,170,52.31%,170,52.31%,0,0.00%,0,0.00%
,,,9999,Central Dauphin SD,8,0,0.00%,0,0.00%,0,0.00%,0,0.00%,0,0.00%
,115221607,Dauphin County Technical School,5278,Dauphin County Technical School,232,124,53.45%,111,47.84%,127,54.74%,3,1.29%,13,5.60%
,115221753,Derry Township SD,4801,Hershey HS,276,259,93.84%,259,93.84%,259,93.84%,0,0.00%,0,0.00%
,115222504,Halifax Area SD,6330,Halifax Area HS,73,52,71.23%,44,60.27%,52,71.23%,0,0.00%,8,10.96%
,115222752,Harrisburg City SD,6333,Harrisburg HS,157,88,56.05%,86,54.78%,90,57.32%,2,1.27%,2,1.27%
,,,7902,Harrisburg HS - SciTech Cmp,74,70,94.59%,70,94.59%,70,94.59%,0,0.00%,0,0.00%
,,,8376,Cougar Academy,13,5,38.46%,5,38.46%,6,46.15%,1,7.69%,0,0.00%
,,,9999,Harrisburg City SD,41,0,0.00%,0,0.00%,0,0.00%,0,0.00%,0,0.00%
,115224003,Lower Dauphin SD,1776,Lower Dauphin HS,306,196,64.05%,196,64.05%,199,65.03%,3,0.98%,0,0.00%
,,,7844,Price,5,0,0.00%,0,0.00%,0,0.00%,0,0.00%,0,0.00%
,,,9999,Lower Dauphin SD,4,0,0.00%,0,0.00%,0,0.00%,0,0.00%,0,0.00%
,115226003,Middletown Area SD,1790,Middletown Area HS,157,116,73.89%,114,72.61%,116,73.89%,0,0.00%,2,1.27%
,,,9999,Middletown Area SD,3,0,0.00%,0,0.00%,0,0.00%,0,0.00%,0,0.00%
,115226103,Millersburg Area SD,1794,Millersburg Area SHS,63,47,74.60%,45,71.43%,48,76.19%,1,1.59%,2,3.17%
,115227010,Capital Area School for the Arts Charter,8278,Capital Area School for the Arts Charter,51,39,76.47%,39,76.47%,39,76.47%,0,0.00%,0,0.00%
,115228003,Steelton-Highspire SD,1801,Steelton-Highspire HS,69,46,66.67%,46,66.67%,52,75.36%,6,8.70%,0,0.00%
,,,9999,Steelton-Highspire SD,4,0,0.00%,0,0.00%,0,0.00%,0,0.00%,0,0.00%
,115228303,Susquehanna Township SD,1806,Susquehanna Twp HS,184,153,83.15%,148,80.43%,153,83.15%,0,0.00%,5,2.72%
,,,9999,Susquehanna Township SD,18,11,61.11%,10,55.56%,11,61.11%,0,0.00%,1,5.56%
,115229003,Upper Dauphin Area SD,6340,Upper Dauphin Area HS,90,59,65.56%,59,65.56%,59,65.56%,0,0.00%,0,0.00%
,,,9999,Upper Dauphin Area SD,1,0,0.00%,0,0.00%,0,0.00%,0,0.00%,0,0.00%
Delaware,125231232,Chester-Upland SD,6492,Chester HS,189,96,50.79%,96,50.79%,96,50.79%,0,0.00%,0,0.00%
,,,8303,STEM at Showalter,106,83,78.30%,83,78.30%,97,91.51%,14,13.21%,0,0.00%
,,,9999,Chester-Upland SD,15,1,6.67%,1,6.67%,1,6.67%,0,0.00%,0,0.00%
,125231303,Chichester SD,1849,Chichester SHS,185,126,68.11%,122,65.95%,136,73.51%,10,5.41%,4,2.16%
,,,9999,Chichester SD,5,0,0.00%,0,0.00%,0,0.00%,0,0.00%,0,0.00%
,125234103,Garnet Valley SD,1869,Garnet Valley HS,416,380,91.35%,380,91.35%,384,92.31%,4,0.96%,0,0.00%
,,,9999,Garnet Valley SD,3,1,33.33%,1,33.33%,1,33.33%,0,0.00%,0,0.00%
,125234502,Haverford Township SD,1879,Haverford SHS,415,369,88.92%,367,88.43%,374,90.12%,5,1.20%,2,0.48%
,,,9999,Haverford Township SD,7,2,28.57%,2,28.57%,2,28.57%,0,0.00%,0,0.00%
,125235103,Interboro SD,1885,Interboro SHS,243,185,76.13%,177,72.84%,187,76.95%,2,0.82%,8,3.29%
,,,9999,Interboro SD,1,0,0.00%,0,0.00%,0,0.00%,0,0.00%,0,0.00%
,125235502,Marple Newtown SD,1902,Marple Newtown SHS,254,225,88.58%,225,88.58%,236,92.91%,11,4.33%,0,0.00%
,,,9999,Marple Newtown SD,5,0,0.00%,0,0.00%,0,0.00%,0,0.00%,0,0.00%
,125236903,Penn-Delco SD,1915,Sun Valley HS,279,234,83.87%,233,83.51%,234,83.87%,0,0.00%,1,0.36%
,,,9999,Penn-Delco SD,3,0,0.00%,0,0.00%,0,0.00%,0,0.00%,0,0.00%
,125237603,Radnor Township SD,1921,Radnor SHS,267,244,91.39%,244,91.39%,248,92.88%,4,1.50%,0,0.00%
,,,9999,Radnor Township SD,6,0,0.00%,0,0.00%,0,0.00%,0,0.00%,0,0.00%
,125237702,Ridley SD,1934,Ridley HS,449,359,79.96%,355,79.06%,374,83.30%,15,3.34%,4,0.89%
,,,9999,Ridley SD,2,1,50.00%,1,50.00%,1,50.00%,0,0.00%,0,0.00%
,125237903,Rose Tree Media SD,1942,Penncrest HS,292,264,90.41%,262,89.73%,266,91.10%,2,0.68%,2,0.68%
,,,9999,Rose Tree Media SD,3,0,0.00%,0,0.00%,0,0.00%,0,0.00%,0,0.00%
,125238402,Southeast Delco SD,6516,Academy Park HS,285,165,57.89%,165,57.89%,178,62.46%,13,4.56%,0,0.00%
,,,9999,Southeast Delco SD,6,0,0.00%,0,0.00%,0,0.00%,0,0.00%,0,0.00%
,125238502,Springfield SD,1950,Springfield HS,278,256,92.09%,254,91.37%,265,95.32%,9,3.24%,2,0.72%
,,,9999,Springfield SD,4,0,0.00%,0,0.00%,0,0.00%,0,0.00%,0,0.00%
,125239452,Upper Darby SD,1972,Upper Darby SHS,836,517,61.84%,509,60.89%,520,62.20%,3,0.36%,8,0.96%
,,,9999,Upper Darby SD,26,9,34.62%,9,34.62%,9,34.62%,0,0.00%,0,0.00%
,125239603,Wallingford-Swarthmore SD,5287,Strath Haven HS,300,269,89.67%,269,89.67%,270,90.00%,1,0.33%,0,0.00%
,,,9999,Wallingford-Swarthmore SD,5,0,0.00%,0,0.00%,0,0.00%,0,0.00%,0,0.00%
,125239652,William Penn SD,8231,Penn Wood HS,300,227,75.67%,197,65.67%,227,75.67%,0,0.00%,30,10.00%
,,,9999,William Penn SD,1,0,0.00%,0,0.00%,0,0.00%,0,0.00%,0,0.00%
Elk,109243503,Johnsonburg Area SD,6218,Johnsonburg Area HS,31,22,70.97%,21,67.74%,23,74.19%,1,3.23%,1,3.23%
,109246003,Ridgway Area SD,1989,Ridgway Area HS,55,37,67.27%,37,67.27%,40,72.73%,3,5.45%,0,0.00%
,,,9999,Ridgway Area SD,1,0,0.00%,0,0.00%,0,0.00%,0,0.00%,0,0.00%
,109248003,Saint Marys Area SD,5169,St Marys Area SHS,174,106,60.92%,106,60.92%,109,62.64%,3,1.72%,0,0.00%
,,,9999,Saint Marys Area SD,1,0,0.00%,0,0.00%,0,0.00%,0,0.00%,0,0.00%
Erie,105250001,Perseus House CS of Excellence,7770,Perseus House CS of Excellence,76,42,55.26%,36,47.37%,46,60.53%,4,5.26%,6,7.89%
,105251453,Corry Area SD,1998,Corry Area HS,147,76,51.70%,67,45.58%,76,51.70%,0,0.00%,9,6.12%
,,,9999,Corry Area SD,1,0,0.00%,0,0.00%,0,0.00%,0,0.00%,0,0.00%
,105252602,Erie City SD,7515,Northwest PA Collegiate Academy,201,190,94.53%,190,94.53%,193,96.02%,3,1.49%,0,0.00%
,,,8417,Erie HS,464,135,29.09%,119,25.65%,147,31.68%,12,2.59%,16,3.45%
,,,9999,Erie City SD,9,0,0.00%,0,0.00%,0,0.00%,0,0.00%,0,0.00%
,105253303,Fairview SD,6737,Fairview HS,123,102,82.93%,102,82.93%,108,87.80%,6,4.88%,0,0.00%
,,,9999,Fairview SD,2,0,0.00%,0,0.00%,0,0.00%,0,0.00%,0,0.00%
,105253553,Fort LeBoeuf SD,2037,Fort LeBoeuf SHS,170,98,57.65%,94,55.29%,112,65.88%,14,8.24%,4,2.35%
,,,9999,Fort LeBoeuf SD,3,0,0.00%,0,0.00%,0,0.00%,0,0.00%,0,0.00%
,105253903,General McLane SD,2040,General McLane HS,172,117,68.02%,115,66.86%,120,69.77%,3,1.74%,2,1.16%
,,,9999,General McLane SD,1,0,0.00%,0,0.00%,0,0.00%,0,0.00%,0,0.00%
,105254053,Girard SD,2043,Girard HS,128,78,60.94%,69,53.91%,80,62.50%,2,1.56%,9,7.03%
,,,9999,Girard SD,1,0,0.00%,0,0.00%,0,0.00%,0,0.00%,0,0.00%
,105254353,Harbor Creek SD,7948,Harbor Creek Senior HS,181,112,61.88%,111,61.33%,115,63.54%,3,1.66%,1,0.55%
,,,9999,Harbor Creek SD,3,0,0.00%,0,0.00%,0,0.00%,0,0.00%,0,0.00%
,105256553,Iroquois SD,4817,Iroquois JSHS,88,42,47.73%,40,45.45%,44,50.00%,2,2.27%,2,2.27%
,,,9999,Iroquois SD,1,0,0.00%,0,0.00%,0,0.00%,0,0.00%,0,0.00%
,105257602,Millcreek Township SD,8071,McDowell HS,528,368,69.70%,365,69.13%,375,71.02%,7,1.33%,3,0.57%
,,,9999,Millcreek Township SD,3,0,0.00%,0,0.00%,0,0.00%,0,0.00%,0,0.00%
,105258303,North East SD,6145,North East HS,116,64,55.17%,63,54.31%,65,56.03%,1,0.86%,1,0.86%
,105258503,Northwestern  SD,6745,Northwestern SHS,111,50,45.05%,43,38.74%,52,46.85%,2,1.80%,7,6.31%
,105259103,Union City Area SD,2075,Union City HS,78,35,44.87%,35,44.87%,35,44.87%,0,0.00%,0,0.00%
,105259703,Wattsburg Area SD,6148,Seneca HS,109,63,57.80%,55,50.46%,66,60.55%,3,2.75%,8,7.34%
,,,9999,Wattsburg Area SD,2,1,50.00%,1,50.00%,1,50.00%,0,0.00%,0,0.00%
Fayette,101260303,Albert Gallatin Area SD,6001,Albert Gallatin Area SHS,244,147,60.25%,126,51.64%,152,62.30%,5,2.05%,21,8.61%
,,,9999,Albert Gallatin Area SD,1,0,0.00%,0,0.00%,0,0.00%,0,0.00%,0,0.00%
,101260803,Brownsville Area SD,4818,Brownsville Area HS,111,51,45.95%,43,38.74%,52,46.85%,1,0.90%,8,7.21%
,101261302,Connellsville Area SD,5228,Connellsville Area SHS,208,130,62.50%,130,62.50%,137,65.87%,7,3.37%,0,0.00%
,,,9999,Connellsville Area SD,1,0,0.00%,0,0.00%,0,0.00%,0,0.00%,0,0.00%
,101262903,Frazier SD,2126,Frazier HS,75,41,54.67%,34,45.33%,41,54.67%,0,0.00%,7,9.33%
,101264003,Laurel Highlands SD,6600,Laurel Highlands SHS,210,143,68.10%,143,68.10%,152,72.38%,9,4.29%,0,0.00%
,,,9999,Laurel Highlands SD,5,0,0.00%,0,0.00%,0,0.00%,0,0.00%,0,0.00%
,101266007,Connellsville Area Career & Technical Ce,6643,Connellsville Area Career & Technical Ce,106,39,36.79%,39,36.79%,39,36.79%,0,0.00%,0,0.00%
,101268003,Uniontown Area SD,2184,Uniontown Area SHS,169,93,55.03%,93,55.03%,107,63.31%,14,8.28%,0,0.00%
,,,9999,Uniontown Area SD,5,1,20.00%,1,20.00%,1,20.00%,0,0.00%,0,0.00%
Forest,106272003,Forest Area SD,6159,East Forest JSHS,12,7,58.33%,7,58.33%,8,66.67%,1,8.33%,0,0.00%
,,,6161,West Forest JSHS,20,16,80.00%,15,75.00%,16,80.00%,0,0.00%,1,5.00%
,,,9999,Forest Area SD,10,0,0.00%,0,0.00%,0,0.00%,0,0.00%,0,0.00%
Franklin,112281302,Chambersburg Area SD,2191,Chambersburg Area SHS,490,226,46.12%,217,44.29%,239,48.78%,13,2.65%,9,1.84%
,,,8244,Chambersburg Area Career Magnet Sch,178,79,44.38%,78,43.82%,81,45.51%,2,1.12%,1,0.56%
,,,9999,Chambersburg Area SD,10,0,0.00%,0,0.00%,0,0.00%,0,0.00%,0,0.00%
,112282004,Fannett-Metal SD,2201,Fannett-Metal SHS,38,14,36.84%,14,36.84%,17,44.74%,3,7.89%,0,0.00%
,112283003,Greencastle-Antrim SD,2206,Greencastle-Antrim SHS,211,147,69.67%,140,66.35%,153,72.51%,6,2.84%,7,3.32%
,112286003,Tuscarora SD,6280,James Buchanan HS,151,90,59.60%,90,59.60%,90,59.60%,0,0.00%,0,0.00%
,,,9999,Tuscarora SD,2,0,0.00%,0,0.00%,0,0.00%,0,0.00%,0,0.00%
,112289003,Waynesboro Area SD,2243,Waynesboro Area SHS,292,157,53.77%,151,51.71%,163,55.82%,6,2.05%,6,2.05%
,,,9999,Waynesboro Area SD,7,0,0.00%,0,0.00%,0,0.00%,0,0.00%,0,0.00%
Fulton,111291304,Central Fulton SD,6252,McConnellsburg HS,69,35,50.72%,31,44.93%,35,50.72%,0,0.00%,4,5.80%
,111292304,Forbes Road SD,2246,Forbes Road JSHS,24,12,50.00%,12,50.00%,12,50.00%,0,0.00%,0,0.00%
,111297504,Southern Fulton SD,2253,Southern Fulton JSHS,51,33,64.71%,32,62.75%,33,64.71%,0,0.00%,1,1.96%
Greene,101301303,Carmichaels Area SD,7112,Carmichaels Area HS,68,44,64.71%,40,58.82%,44,64.71%,0,0.00%,4,5.88%
,101301403,Central Greene SD,5118,Waynesburg Central HS,127,77,60.63%,77,60.63%,77,60.63%,0,0.00%,0,0.00%
,101303503,Jefferson-Morgan SD,2280,Jefferson-Morgan MS/HS,48,30,62.50%,27,56.25%,32,66.67%,2,4.17%,3,6.25%
,101306503,Southeastern Greene SD,2284,Mapletown JSHS,47,22,46.81%,20,42.55%,25,53.19%,3,6.38%,2,4.26%
,101308503,West Greene SD,7136,West Greene HS,41,21,51.22%,21,51.22%,22,53.66%,1,2.44%,0,0.00%
,,,9999,West Greene SD,2,0,0.00%,0,0.00%,0,0.00%,0,0.00%,0,0.00%
Huntingdon,111312503,Huntingdon Area SD,2305,Huntingdon Area SHS,151,104,68.87%,91,60.26%,105,69.54%,1,0.66%,13,8.61%
,,,9999,Huntingdon Area SD,2,0,0.00%,0,0.00%,0,0.00%,0,0.00%,0,0.00%
,111312804,Juniata Valley SD,2308,Juniata Valley JSHS,51,35,68.63%,33,64.71%,42,82.35%,7,13.73%,2,3.92%
,111316003,Mount Union Area SD,7944,Mount Union Area SHS,115,52,45.22%,47,40.87%,60,52.17%,8,6.96%,5,4.35%
,111317503,Southern Huntingdon County SD,2313,Southern Huntingdon Co HS/MS,92,49,53.26%,46,50.00%,54,58.70%,5,5.43%,3,3.26%
,111440001,New Day Charter School,7762,New Day Charter School,25,0,0.00%,0,0.00%,1,4.00%,1,4.00%,0,0.00%
Indiana,128321103,Blairsville-Saltsburg SD,2353,Saltsburg MS/HS,41,26,63.41%,22,53.66%,27,65.85%,1,2.44%,4,9.76%
,,,4706,Blairsville SHS,67,39,58.21%,39,58.21%,39,58.21%,0,0.00%,0,0.00%
,,,9999,Blairsville-Saltsburg SD,3,0,0.00%,0,0.00%,0,0.00%,0,0.00%,0,0.00%
,128323303,Homer-Center SD,2331,Homer-Center JSHS,71,53,74.65%,53,74.65%,53,74.65%,0,0.00%,0,0.00%
,128323703,Indiana Area SD,2325,Indiana Area SHS,188,142,75.53%,136,72.34%,145,77.13%,3,1.60%,6,3.19%
,,,9999,Indiana Area SD,3,0,0.00%,0,0.00%,0,0.00%,0,0.00%,0,0.00%
,128325203,Marion Center Area SD,2339,Marion Center Area JR/SR HS,106,64,60.38%,62,58.49%,71,66.98%,7,6.60%,2,1.89%
,128326303,Penns Manor Area SD,2345,Penns Manor Area JSHS,66,34,51.52%,34,51.52%,37,56.06%,3,4.55%,0,0.00%
,,,9999,Penns Manor Area SD,2,0,0.00%,0,0.00%,0,0.00%,0,0.00%,0,0.00%
,128327303,Purchase Line SD,2350,Purchase Line JSHS,81,43,53.09%,34,41.98%,48,59.26%,5,6.17%,9,11.11%
,,,9999,Purchase Line SD,1,0,0.00%,0,0.00%,0,0.00%,0,0.00%,0,0.00%
,128328003,United SD,2358,United JSHS,75,30,40.00%,30,40.00%,32,42.67%,2,2.67%,0,0.00%
,,,9999,United SD,2,0,0.00%,0,0.00%,0,0.00%,0,0.00%,0,0.00%
Jefferson,106330703,Brockway Area SD,2362,Brockway Area JSHS,63,42,66.67%,35,55.56%,42,66.67%,0,0.00%,7,11.11%
,106330803,Brookville Area SD,6162,Brookville JSHS,82,51,62.20%,50,60.98%,54,65.85%,3,3.66%,1,1.22%
,106333407,Jefferson County-DuBois AVTS,5180,Jefferson County-DuBois AVTS,72,15,20.83%,12,16.67%,15,20.83%,0,0.00%,3,4.17%
,106338003,Punxsutawney Area SD,6165,Punxsutawney Area HS,152,98,64.47%,86,56.58%,105,69.08%,7,4.61%,12,7.89%
,,,9999,Punxsutawney Area SD,1,0,0.00%,0,0.00%,0,0.00%,0,0.00%,0,0.00%
Juniata,111343603,Juniata County SD,2394,East Juniata JSHS,79,46,58.23%,39,49.37%,47,59.49%,1,1.27%,7,8.86%
,,,6255,Juniata SHS,122,66,54.10%,57,46.72%,68,55.74%,2,1.64%,9,7.38%
Lackawanna,119350303,Abington Heights SD,5091,Abington Heights HS,255,222,87.06%,220,86.27%,224,87.84%,2,0.78%,2,0.78%
,,,9999,Abington Heights SD,1,0,0.00%,0,0.00%,0,0.00%,0,0.00%,0,0.00%
,119351303,Carbondale Area SD,2420,Carbondale Area JSHS,112,75,66.96%,75,66.96%,75,66.96%,0,0.00%,0,0.00%
,119352203,Dunmore SD,8312,Dunmore JSHS,116,102,87.93%,101,87.07%,107,92.24%,5,4.31%,1,0.86%
,119354603,Lakeland SD,6404,Lakeland JSHS,106,69,65.09%,69,65.09%,73,68.87%,4,3.77%,0,0.00%
,119355503,Mid Valley SD,8304,Mid Valley Secondary Center,110,75,68.18%,74,67.27%,80,72.73%,5,4.55%,1,0.91%
,119356503,North Pocono SD,2446,North Pocono HS,212,164,77.36%,164,77.36%,165,77.83%,1,0.47%,0,0.00%
,,,9999,North Pocono SD,2,0,0.00%,0,0.00%,0,0.00%,0,0.00%,0,0.00%
,119356603,Old Forge SD,2449,Old Forge JSHS,84,66,78.57%,64,76.19%,68,80.95%,2,2.38%,2,2.38%
,119357003,Riverside SD,2496,Riverside JSHS,87,71,81.61%,68,78.16%,72,82.76%,1,1.15%,3,3.45%
,119357402,Scranton SD,2489,West Scranton HS,193,112,58.03%,112,58.03%,120,62.18%,8,4.15%,0,0.00%
,,,6413,Scranton HS,379,241,63.59%,240,63.32%,241,63.59%,0,0.00%,1,0.26%
,,,9999,Scranton SD,39,7,17.95%,7,17.95%,7,17.95%,0,0.00%,0,0.00%
,119358403,Valley View SD,6775,Valley View HS,160,112,70.00%,110,68.75%,113,70.63%,1,0.63%,2,1.25%
,,,9999,Valley View SD,2,0,0.00%,0,0.00%,0,0.00%,0,0.00%,0,0.00%
Lancaster,113361303,Cocalico SD,6290,Cocalico SHS,264,182,68.94%,166,62.88%,183,69.32%,1,0.38%,16,6.06%
,,,9999,Cocalico SD,3,0,0.00%,0,0.00%,0,0.00%,0,0.00%,0,0.00%
,113361503,Columbia Borough SD,2515,Columbia HS,84,49,58.33%,42,50.00%,49,58.33%,0,0.00%,7,8.33%
,,,9999,Columbia Borough SD,6,0,0.00%,0,0.00%,0,0.00%,0,0.00%,0,0.00%
,113361703,Conestoga Valley SD,2532,Conestoga Valley SHS,300,193,64.33%,190,63.33%,193,64.33%,0,0.00%,3,1.00%
,,,9999,Conestoga Valley SD,20,3,15.00%,3,15.00%,3,15.00%,0,0.00%,0,0.00%
,113362203,Donegal SD,2539,Donegal HS,208,135,64.90%,119,57.21%,135,64.90%,0,0.00%,16,7.69%
,,,9999,Donegal SD,9,0,0.00%,0,0.00%,0,0.00%,0,0.00%,0,0.00%
,113362303,Eastern Lancaster County SD,2554,Garden Spot SHS,251,116,46.22%,101,40.24%,126,50.20%,10,3.98%,15,5.98%
,,,9999,Eastern Lancaster County SD,4,0,0.00%,0,0.00%,0,0.00%,0,0.00%,0,0.00%
,113362403,Elizabethtown Area SD,2562,Elizabethtown Area SHS,301,207,68.77%,206,68.44%,218,72.43%,11,3.65%,1,0.33%
,113362603,Ephrata Area SD,6293,Ephrata SHS,293,184,62.80%,164,55.97%,189,64.51%,5,1.71%,20,6.83%
,,,9999,Ephrata Area SD,1,0,0.00%,0,0.00%,0,0.00%,0,0.00%,0,0.00%
,113362940,La Academia Partnership Charter School,7538,La Academia Partnership Charter School,30,19,63.33%,19,63.33%,19,63.33%,0,0.00%,0,0.00%
,113363103,Hempfield  SD,2578,Hempfield SHS,513,381,74.27%,368,71.73%,389,75.83%,8,1.56%,13,2.53%
,,,9999,Hempfield  SD,7,0,0.00%,0,0.00%,0,0.00%,0,0.00%,0,0.00%
,113363603,Lampeter-Strasburg SD,2607,Lampeter-Strasburg SHS,257,189,73.54%,184,71.60%,191,74.32%,2,0.78%,5,1.95%
,,,9999,Lampeter-Strasburg SD,2,2,100.00%,2,100.00%,2,100.00%,0,0.00%,0,0.00%
,113364002,Lancaster SD,2596,McCaskey Campus,564,428,75.89%,377,66.84%,438,77.66%,10,1.77%,51,9.04%
,,,7922,Phoenix Academy,120,47,39.17%,45,37.50%,50,41.67%,3,2.50%,2,1.67%
,,,9999,Lancaster SD,13,2,15.38%,1,7.69%,2,15.38%,0,0.00%,1,7.69%
,113364403,Manheim Central SD,2618,Manheim Central SHS,233,8,3.43%,8,3.43%,9,3.86%,1,0.43%,0,0.00%
,,,9999,Manheim Central SD,8,0,0.00%,0,0.00%,0,0.00%,0,0.00%,0,0.00%
,113364503,Manheim Township SD,2623,Manheim Twp HS,446,356,79.82%,345,77.35%,361,80.94%,5,1.12%,11,2.47%
,,,9999,Manheim Township SD,1,0,0.00%,0,0.00%,0,0.00%,0,0.00%,0,0.00%
,113365203,Penn Manor SD,2633,Penn Manor HS,371,271,73.05%,254,68.46%,273,73.58%,2,0.54%,17,4.58%
,,,9999,Penn Manor SD,10,0,0.00%,0,0.00%,0,0.00%,0,0.00%,0,0.00%
,113365303,Pequea Valley SD,2649,Pequea Valley HS,115,59,51.30%,52,45.22%,61,53.04%,2,1.74%,7,6.09%
,,,9999,Pequea Valley SD,5,1,20.00%,1,20.00%,2,40.00%,1,20.00%,0,0.00%
,113367003,Solanco SD,2658,Solanco HS,299,152,50.84%,146,48.83%,159,53.18%,7,2.34%,6,2.01%
,,,9999,Solanco SD,3,1,33.33%,1,33.33%,1,33.33%,0,0.00%,0,0.00%
,113369003,Warwick SD,2663,Warwick SHS,352,238,67.61%,237,67.33%,241,68.47%,3,0.85%,1,0.28%
Lawrence,104372003,Ellwood City Area SD,2675,Lincoln JSHS,121,83,68.60%,83,68.60%,90,74.38%,7,5.79%,0,0.00%
,104374003,Laurel SD,2680,Laurel JSHS,93,67,72.04%,66,70.97%,72,77.42%,5,5.38%,1,1.08%
,104374207,Lawrence County CTC,4940,Lawrence County CTC,134,52,38.81%,52,38.81%,58,43.28%,6,4.48%,0,0.00%
,104375003,Mohawk Area SD,2686,Mohawk SHS,115,88,76.52%,84,73.04%,92,80.00%,4,3.48%,4,3.48%
,104375203,Neshannock Township SD,2689,Neshannock JSHS,101,94,93.07%,94,93.07%,95,94.06%,1,0.99%,0,0.00%
,,,9999,Neshannock Township SD,1,0,0.00%,0,0.00%,1,100.00%,1,100.00%,0,0.00%
,104375302,New Castle Area SD,2704,New Castle SHS,160,115,71.88%,109,68.13%,117,73.13%,2,1.25%,6,3.75%
,,,9999,New Castle Area SD,22,3,13.64%,2,9.09%,3,13.64%,0,0.00%,1,4.55%
,104376203,Shenango Area SD,2708,Shenango HS,85,67,78.82%,64,75.29%,69,81.18%,2,2.35%,3,3.53%
,104377003,Union Area SD,2712,Union Area HS,42,31,73.81%,30,71.43%,34,80.95%,3,7.14%,1,2.38%
,,,9999,Union Area SD,3,1,33.33%,1,33.33%,1,33.33%,0,0.00%,0,0.00%
,104378003,Wilmington Area SD,2721,Wilmington Area HS,92,62,67.39%,57,61.96%,62,67.39%,0,0.00%,5,5.43%
,,,9999,Wilmington Area SD,2,0,0.00%,0,0.00%,0,0.00%,0,0.00%,0,0.00%
Lebanon,113380303,Annville-Cleona SD,2725,Annville Cleona HS,117,77,65.81%,77,65.81%,83,70.94%,6,5.13%,0,0.00%
,,,9999,Annville-Cleona SD,1,0,0.00%,0,0.00%,0,0.00%,0,0.00%,0,0.00%
,113381303,Cornwall-Lebanon SD,4800,Cedar Crest HS,318,222,69.81%,215,67.61%,240,75.47%,18,5.66%,7,2.20%
,113382303,Eastern Lebanon County SD,2740,Eastern Lebanon Co SHS,174,102,58.62%,102,58.62%,109,62.64%,7,4.02%,0,0.00%
,,,9999,Eastern Lebanon County SD,2,0,0.00%,0,0.00%,0,0.00%,0,0.00%,0,0.00%
,113384603,Lebanon SD,5155,Lebanon SHS,218,101,46.33%,99,45.41%,105,48.17%,4,1.83%,2,0.92%
,,,9999,Lebanon SD,12,1,8.33%,1,8.33%,1,8.33%,0,0.00%,0,0.00%
,113385003,Northern Lebanon SD,2760,Northern Lebanon SHS,185,110,59.46%,96,51.89%,110,59.46%,0,0.00%,14,7.57%
,,,9999,Northern Lebanon SD,5,0,0.00%,0,0.00%,0,0.00%,0,0.00%,0,0.00%
,113385303,Palmyra Area SD,2766,Palmyra Area SHS,261,195,74.71%,195,74.71%,196,75.10%,1,0.38%,0,0.00%
,,,9999,Palmyra Area SD,1,0,0.00%,0,0.00%,0,0.00%,0,0.00%,0,0.00%
Lehigh,121390302,Allentown City SD,2794,William Allen HS,603,313,51.91%,301,49.92%,330,54.73%,17,2.82%,12,1.99%
,,,2795,Louis E Dieruff HS,436,281,64.45%,272,62.39%,294,67.43%,13,2.98%,9,2.06%
,,,9999,Allentown City SD,129,46,35.66%,45,34.88%,59,45.74%,13,10.08%,1,0.78%
,121391303,Catasauqua Area SD,2798,Catasauqua SHS,123,78,63.41%,75,60.98%,79,64.23%,1,0.81%,3,2.44%
,,,9999,Catasauqua Area SD,4,1,25.00%,1,25.00%,1,25.00%,0,0.00%,0,0.00%
,121392303,East Penn SD,2809,Emmaus HS,649,521,80.28%,516,79.51%,527,81.20%,6,0.92%,5,0.77%
,121393330,Roberto Clemente CS,8401,Roberto Clemente CS,29,26,89.66%,26,89.66%,28,96.55%,2,6.90%,0,0.00%
,121394503,Northern Lehigh SD,2818,Northern Lehigh SHS,127,91,71.65%,88,69.29%,92,72.44%,1,0.79%,3,2.36%
,,,9999,Northern Lehigh SD,1,0,0.00%,0,0.00%,0,0.00%,0,0.00%,0,0.00%
,121394603,Northwestern Lehigh SD,2821,Northwestern Lehigh HS,192,154,80.21%,152,79.17%,156,81.25%,2,1.04%,2,1.04%
,,,9999,Northwestern Lehigh SD,5,2,40.00%,2,40.00%,2,40.00%,0,0.00%,0,0.00%
,121395103,Parkland SD,2829,Parkland HS,775,659,85.03%,658,84.90%,661,85.29%,2,0.26%,1,0.13%
,,,9999,Parkland SD,6,3,50.00%,3,50.00%,3,50.00%,0,0.00%,0,0.00%
,121395526,Innovative Arts Academy CS,8371,Innovative Arts Academy CS,43,22,51.16%,22,51.16%,22,51.16%,0,0.00%,0,0.00%
,121395603,Salisbury Township SD,2833,Salisbury SHS,138,103,74.64%,103,74.64%,107,77.54%,4,2.90%,0,0.00%
,,,9999,Salisbury Township SD,5,3,60.00%,3,60.00%,3,60.00%,0,0.00%,0,0.00%
,121395703,Southern Lehigh SD,2839,Southern Lehigh SHS,254,194,76.38%,194,76.38%,210,82.68%,16,6.30%,0,0.00%
,,,9999,Southern Lehigh SD,2,0,0.00%,0,0.00%,0,0.00%,0,0.00%,0,0.00%
,121397803,Whitehall-Coplay SD,2848,Whitehall HS,348,260,74.71%,256,73.56%,260,74.71%,0,0.00%,4,1.15%
,,,9999,Whitehall-Coplay SD,4,0,0.00%,0,0.00%,0,0.00%,0,0.00%,0,0.00%
,175390169,Lincoln Leadership Academy Charter School,8125,Lincoln Leadership Academy Charter School,61,57,93.44%,57,93.44%,58,95.08%,1,1.64%,0,0.00%
Luzerne,118401403,Crestwood SD,2860,Crestwood HS,220,185,84.09%,182,82.73%,185,84.09%,0,0.00%,3,1.36%
,,,9999,Crestwood SD,3,0,0.00%,0,0.00%,0,0.00%,0,0.00%,0,0.00%
,118401603,Dallas SD,2869,Dallas SHS,207,183,88.41%,183,88.41%,185,89.37%,2,0.97%,0,0.00%
,,,9999,Dallas SD,1,0,0.00%,0,0.00%,0,0.00%,0,0.00%,0,0.00%
,118402603,Greater Nanticoke Area SD,5242,Greater Nanticoke Area SHS,160,103,64.38%,103,64.38%,106,66.25%,3,1.88%,0,0.00%
,,,9999,Greater Nanticoke Area SD,12,0,0.00%,0,0.00%,0,0.00%,0,0.00%,0,0.00%
,118403003,Hanover Area SD,2891,Hanover Area JSHS,140,108,77.14%,108,77.14%,108,77.14%,0,0.00%,0,0.00%
,,,9999,Hanover Area SD,7,1,14.29%,1,14.29%,1,14.29%,0,0.00%,0,0.00%
,118403302,Hazleton Area SD,7348,Hazleton Area HS,748,481,64.30%,472,63.10%,491,65.64%,10,1.34%,9,1.20%
,118403903,Lake-Lehman SD,2924,Lake-Lehman JSHS,117,89,76.07%,89,76.07%,90,76.92%,1,0.85%,0,0.00%
,118406003,Northwest Area SD,2958,Northwest Area HS,74,51,68.92%,51,68.92%,56,75.68%,5,6.76%,0,0.00%
,118406602,Pittston Area SD,5058,Pittston Area SHS,236,201,85.17%,201,85.17%,208,88.14%,7,2.97%,0,0.00%
,118408707,West Side CTC,5059,West Side CTC,106,50,47.17%,48,45.28%,51,48.11%,1,0.94%,2,1.89%
,118408852,Wilkes-Barre Area SD,3007,James M Coughlin JSHS,193,145,75.13%,142,73.58%,145,75.13%,0,0.00%,3,1.55%
,,,3008,G A R Memorial JSHS,126,70,55.56%,70,55.56%,72,57.14%,2,1.59%,0,0.00%
,,,3009,Elmer L Meyers JSHS,167,130,77.84%,124,74.25%,133,79.64%,3,1.80%,6,3.59%
,,,9999,Wilkes-Barre Area SD,32,7,21.88%,7,21.88%,7,21.88%,0,0.00%,0,0.00%
,118409203,Wyoming Area SD,6390,Wyoming Area Sec Ctr,140,113,80.71%,110,78.57%,114,81.43%,1,0.71%,3,2.14%
,118409302,Wyoming Valley West SD,6391,Wyoming Valley West SHS,286,201,70.28%,193,67.48%,202,70.63%,1,0.35%,8,2.80%
,,,9999,Wyoming Valley West SD,1,0,0.00%,0,0.00%,0,0.00%,0,0.00%,0,0.00%
Lycoming,117412003,East Lycoming SD,6364,Hughesville JSHS,118,68,57.63%,67,56.78%,70,59.32%,2,1.69%,1,0.85%
,117414003,Jersey Shore Area SD,3034,Jersey Shore Area SHS,160,106,66.25%,101,63.13%,106,66.25%,0,0.00%,5,3.13%
,117414203,Loyalsock Township SD,4828,Loyalsock Twp SHS,110,80,72.73%,80,72.73%,83,75.45%,3,2.73%,0,0.00%
,117415004,Montgomery Area SD,3040,Montgomery JSHS,49,30,61.22%,25,51.02%,32,65.31%,2,4.08%,5,10.20%
,117415103,Montoursville Area SD,3045,Montoursville Area SHS,161,120,74.53%,120,74.53%,121,75.16%,1,0.62%,0,0.00%
,117415303,Muncy SD,3048,Muncy JSHS,66,53,80.30%,53,80.30%,53,80.30%,0,0.00%,0,0.00%
,,,9999,Muncy SD,4,0,0.00%,0,0.00%,0,0.00%,0,0.00%,0,0.00%
,117416103,South Williamsport Area SD,3056,South Williamsport Area JSHS,85,56,65.88%,56,65.88%,57,67.06%,1,1.18%,0,0.00%
,117417202,Williamsport Area SD,6368,Williamsport Area SHS,334,153,45.81%,153,45.81%,153,45.81%,0,0.00%,0,0.00%
,,,9999,Williamsport Area SD,2,0,0.00%,0,0.00%,0,0.00%,0,0.00%,0,0.00%
McKean,109420803,Bradford Area SD,4691,Bradford Area HS,169,99,58.58%,97,57.40%,104,61.54%,5,2.96%,2,1.18%
,,,9999,Bradford Area SD,5,0,0.00%,0,0.00%,4,80.00%,4,80.00%,0,0.00%
,109422303,Kane Area SD,5245,Kane Area HS,78,51,65.38%,51,65.38%,51,65.38%,0,0.00%,0,0.00%
,109426003,Otto-Eldred SD,3107,Otto-Eldred JSHS,44,31,70.45%,29,65.91%,33,75.00%,2,4.55%,2,4.55%
,109426303,Port Allegany SD,3111,Port Allegany JSHS,59,34,57.63%,32,54.24%,35,59.32%,1,1.69%,2,3.39%
,109427503,Smethport Area SD,3117,Smethport Area JSHS,63,34,53.97%,31,49.21%,35,55.56%,1,1.59%,3,4.76%
Mercer,104431304,Commodore Perry SD,6122,Commodore Perry JSHS,44,28,63.64%,24,54.55%,28,63.64%,0,0.00%,4,9.09%
,104432503,Farrell Area SD,5248,Farrell Area HS/UMS,46,31,67.39%,21,45.65%,32,69.57%,1,2.17%,10,21.74%
,104432803,Greenville Area SD,3137,Greenville JSHS,119,88,73.95%,85,71.43%,99,83.19%,11,9.24%,3,2.52%
,104432830,Keystone Education Center CS,7506,Keystone Education Center CS,46,0,0.00%,0,0.00%,6,13.04%,6,13.04%,0,0.00%
,104432903,Grove City Area SD,3145,Grove City Area HS,153,117,76.47%,114,74.51%,118,77.12%,1,0.65%,3,1.96%
,,,6125,George Jr Republic HS,29,12,41.38%,9,31.03%,13,44.83%,1,3.45%,3,10.34%
,104433303,Hermitage SD,3150,Hickory HS,159,128,80.50%,125,78.62%,128,80.50%,0,0.00%,3,1.89%
,104433604,Jamestown Area SD,6126,Jamestown Area JSHS,27,17,62.96%,17,62.96%,22,81.48%,5,18.52%,0,0.00%
,104433903,Lakeview SD,3155,Lakeview HS,103,64,62.14%,64,62.14%,65,63.11%,1,0.97%,0,0.00%
,104435003,Mercer Area SD,3158,Mercer Area SHS,108,70,64.81%,67,62.04%,72,66.67%,2,1.85%,3,2.78%
,104435303,Reynolds SD,3165,Reynolds JSHS,105,77,73.33%,72,68.57%,77,73.33%,0,0.00%,5,4.76%
,104435603,Sharon City SD,8093,Sharon HS,125,77,61.60%,77,61.60%,77,61.60%,0,0.00%,0,0.00%
,,,9999,Sharon City SD,1,0,0.00%,0,0.00%,0,0.00%,0,0.00%,0,0.00%
,104435703,Sharpsville Area SD,3124,Sharpsville Area SHS,95,64,67.37%,63,66.32%,69,72.63%,5,5.26%,1,1.05%
,104437503,West Middlesex Area SD,6129,West Middlesex Area JSHS,73,51,69.86%,43,58.90%,51,69.86%,0,0.00%,8,10.96%
,,,9999,West Middlesex Area SD,1,0,0.00%,0,0.00%,0,0.00%,0,0.00%,0,0.00%
Mifflin,111444602,Mifflin County SD,8187,Mifflin Co HS,420,206,49.05%,193,45.95%,213,50.71%,7,1.67%,13,3.10%
,,,9999,Mifflin County SD,1,0,0.00%,0,0.00%,0,0.00%,0,0.00%,0,0.00%
Monroe,120450003,Evergreen Community CS,7866,Evergreen Community CS,11,10,90.91%,10,90.91%,10,90.91%,0,0.00%,0,0.00%
,120452003,East Stroudsburg Area SD,6935,East Stroudsburg SHS South,326,244,74.85%,152,46.63%,261,80.06%,17,5.21%,92,28.22%
,,,7641,East Stroudsburg SHS North,251,160,63.75%,160,63.75%,164,65.34%,4,1.59%,0,0.00%
,,,9999,East Stroudsburg Area SD,5,0,0.00%,0,0.00%,0,0.00%,0,0.00%,0,0.00%
,120455203,Pleasant Valley SD,3210,Pleasant Valley HS,410,331,80.73%,323,78.78%,338,82.44%,7,1.71%,8,1.95%
,120455403,Pocono Mountain SD,3216,Pocono Mountain East HS,337,265,78.64%,262,77.74%,266,78.93%,1,0.30%,3,0.89%
,,,7738,Pocono Mountain West HS,411,209,50.85%,209,50.85%,217,52.80%,8,1.95%,0,0.00%
,,,8010,Pocono Mountain East JHS,2,0,0.00%,0,0.00%,0,0.00%,0,0.00%,0,0.00%
,,,9999,Pocono Mountain SD,8,0,0.00%,0,0.00%,0,0.00%,0,0.00%,0,0.00%
,120456003,Stroudsburg Area SD,3224,Stroudsburg HS,388,193,49.74%,191,49.23%,193,49.74%,0,0.00%,2,0.52%
,,,9999,Stroudsburg Area SD,1,0,0.00%,0,0.00%,0,0.00%,0,0.00%,0,0.00%
Montgomery,123460001,Pennsylvania Virtual CS,7687,Pennsylvania Virtual CS,201,96,47.76%,95,47.26%,110,54.73%,14,6.97%,1,0.50%
,123460302,Abington SD,3241,Abington SHS,562,481,85.59%,479,85.23%,481,85.59%,0,0.00%,2,0.36%
,123461302,Cheltenham SD,3260,Cheltenham HS,331,270,81.57%,267,80.66%,280,84.59%,10,3.02%,3,0.91%
,,,9999,Cheltenham SD,2,0,0.00%,0,0.00%,0,0.00%,0,0.00%,0,0.00%
,123461602,Colonial SD,3333,Plymouth-Whitemarsh SHS,351,308,87.75%,306,87.18%,312,88.89%,4,1.14%,2,0.57%
,,,9999,Colonial SD,9,0,0.00%,0,0.00%,0,0.00%,0,0.00%,0,0.00%
,123463603,Hatboro-Horsham SD,3272,Hatboro-Horsham SHS,373,331,88.74%,330,88.47%,332,89.01%,1,0.27%,1,0.27%
,,,9999,Hatboro-Horsham SD,4,1,25.00%,1,25.00%,1,25.00%,0,0.00%,0,0.00%
,123463803,Jenkintown SD,8049,Jenkintown Middle/High School,38,38,100.00%,38,100.00%,38,100.00%,0,0.00%,0,0.00%
,123464502,Lower Merion SD,3295,Lower Merion HS,357,333,93.28%,333,93.28%,337,94.40%,4,1.12%,0,0.00%
,,,3296,Harriton SHS,287,269,93.73%,269,93.73%,272,94.77%,3,1.05%,0,0.00%
,,,9999,Lower Merion SD,9,0,0.00%,0,0.00%,0,0.00%,0,0.00%,0,0.00%
,123464603,Lower Moreland Township SD,4960,Lower Moreland HS,186,178,95.70%,178,95.70%,178,95.70%,0,0.00%,0,0.00%
,123465303,Methacton SD,3305,Methacton HS,395,357,90.38%,357,90.38%,360,91.14%,3,0.76%,0,0.00%
,,,9999,Methacton SD,1,1,100.00%,1,100.00%,1,100.00%,0,0.00%,0,0.00%
,123465602,Norristown Area SD,6729,Norristown Area HS,292,221,75.68%,217,74.32%,221,75.68%,0,0.00%,4,1.37%
,,,6998,Roosevelt Altern Sch,67,39,58.21%,35,52.24%,39,58.21%,0,0.00%,4,5.97%
,,,9999,Norristown Area SD,11,0,0.00%,0,0.00%,0,0.00%,0,0.00%,0,0.00%
,123465702,North Penn SD,5345,North Penn SHS,974,830,85.22%,829,85.11%,841,86.34%,11,1.13%,1,0.10%
,,,9999,North Penn SD,4,0,0.00%,0,0.00%,0,0.00%,0,0.00%,0,0.00%
,123466103,Perkiomen Valley SD,3328,Perkiomen Valley HS,417,361,86.57%,357,85.61%,362,86.81%,1,0.24%,4,0.96%
,,,9999,Perkiomen Valley SD,1,0,0.00%,0,0.00%,0,0.00%,0,0.00%,0,0.00%
,123466303,Pottsgrove SD,3338,Pottsgrove SHS,260,199,76.54%,197,75.77%,199,76.54%,0,0.00%,2,0.77%
,,,9999,Pottsgrove SD,4,0,0.00%,0,0.00%,0,0.00%,0,0.00%,0,0.00%
,123466403,Pottstown SD,3348,Pottstown SHS,148,106,71.62%,101,68.24%,106,71.62%,0,0.00%,5,3.38%
,,,9999,Pottstown SD,3,0,0.00%,0,0.00%,0,0.00%,0,0.00%,0,0.00%
,123467103,Souderton Area SD,3354,Souderton Area SHS,536,426,79.48%,426,79.48%,436,81.34%,10,1.87%,0,0.00%
,,,9999,Souderton Area SD,17,1,5.88%,1,5.88%,1,5.88%,0,0.00%,0,0.00%
,123467203,Springfield Township SD,3376,Springfield Twp HS,136,121,88.97%,121,88.97%,122,89.71%,1,0.74%,0,0.00%
,,,9999,Springfield Township SD,1,0,0.00%,0,0.00%,0,0.00%,0,0.00%,0,0.00%
,123467303,Spring-Ford Area SD,3367,Spring-Ford SHS 9-12 Ctr,641,559,87.21%,557,86.90%,566,88.30%,7,1.09%,2,0.31%
,,,9999,Spring-Ford Area SD,3,0,0.00%,0,0.00%,0,0.00%,0,0.00%,0,0.00%
,123468303,Upper Dublin SD,5078,Upper Dublin HS,369,350,94.85%,344,93.22%,352,95.39%,2,0.54%,6,1.63%
,,,9999,Upper Dublin SD,2,0,0.00%,0,0.00%,0,0.00%,0,0.00%,0,0.00%
,123468402,Upper Merion Area SD,3395,Upper Merion HS,255,220,86.27%,217,85.10%,220,86.27%,0,0.00%,3,1.18%
,,,9999,Upper Merion Area SD,17,3,17.65%,3,17.65%,3,17.65%,0,0.00%,0,0.00%
,123468503,Upper Moreland Township SD,3401,Upper Moreland HS,238,192,80.67%,192,80.67%,194,81.51%,2,0.84%,0,0.00%
,123468603,Upper Perkiomen SD,5081,Upper Perkiomen HS,222,146,65.77%,146,65.77%,148,66.67%,2,0.90%,0,0.00%
,,,9999,Upper Perkiomen SD,6,0,0.00%,0,0.00%,0,0.00%,0,0.00%,0,0.00%
,123469303,Wissahickon SD,3247,Wissahickon SHS,337,313,92.88%,312,92.58%,315,93.47%,2,0.59%,1,0.30%
,,,9999,Wissahickon SD,17,2,11.76%,2,11.76%,3,17.65%,1,5.88%,0,0.00%
,126510020,Agora Cyber CS,7858,Agora Cyber CS,752,345,45.88%,329,43.75%,398,52.93%,53,7.05%,16,2.13%
,,,9999,Agora Cyber CS,1,0,0.00%,0,0.00%,0,0.00%,0,0.00%,0,0.00%
Montour,116471803,Danville Area SD,3425,Danville Area SHS,153,109,71.24%,108,70.59%,116,75.82%,7,4.58%,1,0.65%
Northampton,120480002,Lehigh Valley Academy Regional CS,7681,Lehigh Valley Academy Regional CS,71,68,95.77%,67,94.37%,68,95.77%,0,0.00%,1,1.41%
,120480803,Bangor Area SD,3434,Bangor Area HS,213,144,67.61%,144,67.61%,144,67.61%,0,0.00%,0,0.00%
,120481002,Bethlehem Area SD,3465,Liberty HS,632,478,75.63%,465,73.58%,487,77.06%,9,1.42%,13,2.06%
,,,4957,Freedom HS,435,344,79.08%,340,78.16%,349,80.23%,5,1.15%,4,0.92%
,,,9999,Bethlehem Area SD,10,4,40.00%,4,40.00%,4,40.00%,0,0.00%,0,0.00%
,120483170,Lehigh Valley Charter High School for th,7634,Lehigh Valley Charter High School for th,149,128,85.91%,128,85.91%,131,87.92%,3,2.01%,0,0.00%
,120483302,Easton Area SD,3482,Easton Area HS,613,487,79.45%,484,78.96%,503,82.06%,16,2.61%,3,0.49%
,120484803,Nazareth Area SD,3495,Nazareth Area HS,372,333,89.52%,329,88.44%,335,90.05%,2,0.54%,4,1.08%
,120484903,Northampton Area SD,3505,Northampton Area HS,418,329,78.71%,325,77.75%,333,79.67%,4,0.96%,4,0.96%
,120485603,Pen Argyl Area SD,6439,Pen Argyl Area HS,125,86,68.80%,81,64.80%,88,70.40%,2,1.60%,5,4.00%
,120486003,Saucon Valley SD,5352,Saucon Valley SHS,189,160,84.66%,160,84.66%,160,84.66%,0,0.00%,0,0.00%
,120488603,Wilson Area SD,3522,Wilson Area HS,167,143,85.63%,141,84.43%,144,86.23%,1,0.60%,2,1.20%
,,,9999,Wilson Area SD,2,0,0.00%,0,0.00%,0,0.00%,0,0.00%,0,0.00%
Northumberland,116493503,Line Mountain SD,3532,Line Mountain HS,90,52,57.78%,48,53.33%,58,64.44%,6,6.67%,4,4.44%
,,,9999,Line Mountain SD,3,0,0.00%,0,0.00%,0,0.00%,0,0.00%,0,0.00%
,116495003,Milton Area SD,3541,Milton HS,151,79,52.32%,79,52.32%,80,52.98%,1,0.66%,0,0.00%
,,,9999,Milton Area SD,3,0,0.00%,0,0.00%,0,0.00%,0,0.00%,0,0.00%
,116495103,Mount Carmel Area SD,6936,Mount Carmel Area HS,99,70,70.71%,69,69.70%,71,71.72%,1,1.01%,1,1.01%
,,,9999,Mount Carmel Area SD,1,0,0.00%,0,0.00%,0,0.00%,0,0.00%,0,0.00%
,116496503,Shamokin Area SD,7893,Shamokin Area HS,127,74,58.27%,72,56.69%,75,59.06%,1,0.79%,2,1.57%
,116496603,Shikellamy SD,3569,Shikellamy HS,173,105,60.69%,104,60.12%,105,60.69%,0,0.00%,1,0.58%
,116498003,Warrior Run SD,5103,Warrior Run HS,120,70,58.33%,70,58.33%,77,64.17%,7,5.83%,0,0.00%
Perry,115503004,Greenwood SD,6341,Greenwood HS,50,37,74.00%,37,74.00%,39,78.00%,2,4.00%,0,0.00%
,115504003,Newport SD,7930,Newport HS,69,51,73.91%,50,72.46%,51,73.91%,0,0.00%,1,1.45%
,115506003,Susquenita SD,3589,Susquenita HS,115,67,58.26%,67,58.26%,67,58.26%,0,0.00%,0,0.00%
,115508003,West Perry SD,3596,West Perry SHS,163,88,53.99%,87,53.37%,89,54.60%,1,0.61%,1,0.61%
Philadelphia,100510000,First Philadelphia Preparatory Charter S,7744,First Philadelphia Preparatory Charter S,45,36,80.00%,34,75.56%,37,82.22%,1,2.22%,2,4.44%
,114514135,Sankofa Freedom Academy Charter School,8083,Sankofa Freedom Academy Charter School,37,35,94.59%,34,91.89%,37,100.00%,2,5.41%,1,2.70%
,126510002,Mastery CHS - Lenfest Campus,7678,Mastery CHS - Lenfest Campus,66,52,78.79%,52,78.79%,56,84.85%,4,6.06%,0,0.00%
,126510009,Philadelphia Electrical & Tech CHS,7737,Philadelphia Electrical & Tech CHS,159,81,50.94%,81,50.94%,104,65.41%,23,14.47%,0,0.00%
,126510014,Maritime Academy Charter School,7777,Maritime Academy CS,63,40,63.49%,40,63.49%,42,66.67%,2,3.17%,0,0.00%
,126510022,Mastery CS-Shoemaker Campus,7909,Mastery CS -Shoemaker Campus,116,102,87.93%,100,86.21%,107,92.24%,5,4.31%,2,1.72%
,126510023,Mastery CS-Thomas Campus,7910,Mastery CS - Thomas Campus,92,73,79.35%,73,79.35%,73,79.35%,0,0.00%,0,0.00%
,126511563,Esperanza Cyber CS,8216,Esperanza Cyber CS,22,13,59.09%,13,59.09%,17,77.27%,4,18.18%,0,0.00%
,126512840,Community Academy of Philadelphia CS,7510,Community Academy of Philadelphia CS,133,98,73.68%,98,73.68%,104,78.20%,6,4.51%,0,0.00%
,126512870,Youth Build Phila CS,7513,Youth Build Phila CS,139,14,10.07%,12,8.63%,20,14.39%,6,4.32%,2,1.44%
,126512960,Preparatory CS of Mathematics Science Te,7540,Preparatory CS of Mathematics Science,118,70,59.32%,70,59.32%,73,61.86%,3,2.54%,0,0.00%
,126512980,Imhotep Institute CHS,7542,Imhotep Institute CHS,125,104,83.20%,104,83.20%,106,84.80%,2,1.60%,0,0.00%
,126513000,Multicultural Academy CS,7546,Multicultural Academy CS,55,52,94.55%,51,92.73%,52,94.55%,0,0.00%,1,1.82%
,126513150,MAST Community Charter School,7574,MAST Community Charter School,102,89,87.25%,87,85.29%,90,88.24%,1,0.98%,2,1.96%
,126513190,Charter High School for Architecture and,7578,Charter High School for Architecture and,116,107,92.24%,107,92.24%,107,92.24%,0,0.00%,0,0.00%
,126513230,Math Civics and Sciences CS,7582,Math Civics and Sciences CS,75,73,97.33%,70,93.33%,73,97.33%,0,0.00%,3,4.00%
,126513270,Freire CS,7586,Freire CS,95,91,95.79%,90,94.74%,93,97.89%,2,2.11%,1,1.05%
,126513280,Philadelphia Academy CS,7587,Philadelphia Academy CS,100,78,78.00%,78,78.00%,78,78.00%,0,0.00%,0,0.00%
,126513290,Mastery CS - Hardy Williams,7588,Mastery CS - Hardy Williams,60,41,68.33%,41,68.33%,45,75.00%,4,6.67%,0,0.00%
,126513400,Philadelphia Performing Arts CS,7647,Philadelphia Performing Arts CS,207,200,96.62%,200,96.62%,202,97.58%,2,0.97%,0,0.00%
,126513420,New Foundations CS,7649,New Foundations CS,190,178,93.68%,178,93.68%,180,94.74%,2,1.05%,0,0.00%
,126513440,Esperanza Academy Charter School,7665,Esperanza Academy Charter School,157,102,64.97%,102,64.97%,111,70.70%,9,5.73%,0,0.00%
,126513450,Franklin Towne CHS,7666,Franklin Towne CHS,253,198,78.26%,198,78.26%,210,83.00%,12,4.74%,0,0.00%
,126513452,Olney Charter High School,8205,Olney Charter High School,432,238,55.09%,236,54.63%,280,64.81%,42,9.72%,2,0.46%
,126513480,Mariana Bracetti Academy CS,7672,Mariana Bracetti Academy CS,111,81,72.97%,81,72.97%,81,72.97%,0,0.00%,0,0.00%
,126513734,Mastery CS-Gratz Campus,8207,Mastery CS-Gratz Campus,234,152,64.96%,152,64.96%,177,75.64%,25,10.68%,0,0.00%
,126514368,ACT Academy Cyber CS,8217,ACT Academy Cyber CS,12,0,0.00%,0,0.00%,0,0.00%,0,0.00%,0,0.00%
,126514864,KIPP DuBois Charter School,8358,KIPP DuBois Charter School,112,97,86.61%,97,86.61%,104,92.86%,7,6.25%,0,0.00%
,126515001,Philadelphia City SD,3728,Widener Memorial Sch,10,0,0.00%,0,0.00%,0,0.00%,0,0.00%,0,0.00%
,,,3808,Masterman Julia R Sec Sch,106,104,98.11%,104,98.11%,104,98.11%,0,0.00%,0,0.00%
,,,3816,Fels Samuel HS,181,109,60.22%,98,54.14%,114,62.98%,5,2.76%,11,6.08%
,,,3818,Furness Horace HS,149,98,65.77%,92,61.74%,101,67.79%,3,2.01%,6,4.03%
,,,3841,Dobbins AVT HS,83,51,61.45%,48,57.83%,54,65.06%,3,3.61%,3,3.61%
,,,3842,Mastbaum Jules E AVTS,88,55,62.50%,44,50.00%,57,64.77%,2,2.27%,11,12.50%
,,,3843,Girls HS,232,202,87.07%,199,85.78%,202,87.07%,0,0.00%,3,1.29%
,,,3844,Roxborough HS,100,78,78.00%,76,76.00%,82,82.00%,4,4.00%,2,2.00%
,,,3845,Lincoln HS,252,181,71.83%,167,66.27%,183,72.62%,2,0.79%,14,5.56%
,,,3847,Bartram John - Main,138,72,52.17%,64,46.38%,80,57.97%,8,5.80%,8,5.80%
,,,3848,Central HS,548,408,74.45%,406,74.09%,409,74.64%,1,0.18%,2,0.36%
,,,3849,Edison HS/Fareira Skills,160,83,51.88%,71,44.38%,86,53.75%,3,1.88%,12,7.50%
,,,3850,Frankford HS,222,111,50.00%,94,42.34%,114,51.35%,3,1.35%,17,7.66%
,,,3851,Franklin Benjamin HS,82,31,37.80%,25,30.49%,31,37.80%,0,0.00%,6,7.32%
,,,3855,Northeast HS,679,461,67.89%,448,65.98%,477,70.25%,16,2.36%,13,1.91%
,,,3857,Overbrook HS,78,51,65.38%,46,58.97%,54,69.23%,3,3.85%,5,6.41%
,,,3859,South Philadelphia HS,88,41,46.59%,39,44.32%,42,47.73%,1,1.14%,2,2.27%
,,,3860,West Philadelphia HS,75,47,62.67%,43,57.33%,50,66.67%,3,4.00%,4,5.33%
,,,3861,Saul W B Agricultural School,80,9,11.25%,9,11.25%,9,11.25%,0,0.00%,0,0.00%
,,,6527,Washington George HS,266,191,71.80%,179,67.29%,196,73.68%,5,1.88%,12,4.51%
,,,6548,Parkway Northwest,43,33,76.74%,33,76.74%,34,79.07%,1,2.33%,0,0.00%
,,,6675,King Martin Luther HS,89,38,42.70%,34,38.20%,43,48.31%,5,5.62%,4,4.49%
,,,6822,Franklin LC,160,126,78.75%,120,75.00%,129,80.63%,3,1.88%,6,3.75%
,,,6996,Creative and Performing Arts,138,112,81.16%,112,81.16%,113,81.88%,1,0.72%,0,0.00%
,,,7023,Carver HS,150,141,94.00%,140,93.33%,142,94.67%,1,0.67%,1,0.67%
,,,7070,Bodine William W HS,103,82,79.61%,82,79.61%,85,82.52%,3,2.91%,0,0.00%
,,,7072,Swenson Arts & Technology HS,119,82,68.91%,70,58.82%,84,70.59%,2,1.68%,12,10.08%
,,,7229,Hill Freedman World Academy,69,48,69.57%,47,68.12%,49,71.01%,1,1.45%,1,1.45%
,,,7245,Sayre William L MS,74,39,52.70%,37,50.00%,43,58.11%,4,5.41%,2,2.70%
,,,7255,Strawberry Mansion HS,40,14,35.00%,13,32.50%,14,35.00%,0,0.00%,1,2.50%
,,,7664,Gamp,59,51,86.44%,51,86.44%,52,88.14%,1,1.69%,0,0.00%
,,,7780,Paul Robeson HS for Human Services,77,53,68.83%,51,66.23%,54,70.13%,1,1.30%,2,2.60%
,,,7782,Parkway Center City Middle College,91,81,89.01%,77,84.62%,82,90.11%,1,1.10%,4,4.40%
,,,7808,Parkway West,37,31,83.78%,28,75.68%,31,83.78%,0,0.00%,3,8.11%
,,,7811,Lankenau HS,68,45,66.18%,44,64.71%,46,67.65%,1,1.47%,1,1.47%
,,,7813,Randolph A. Philip AVT HS,115,75,65.22%,65,56.52%,79,68.70%,4,3.48%,10,8.70%
,,,7815,Motivation HS,81,57,70.37%,53,65.43%,57,70.37%,0,0.00%,4,4.94%
,,,7850,Philadelphia Military Acad at Elverson,60,34,56.67%,32,53.33%,37,61.67%,3,5.00%,2,3.33%
,,,7852,Kensington Creative & Performing Arts HS,99,57,57.58%,54,54.55%,60,60.61%,3,3.03%,3,3.03%
,,,7855,Kensington Health Sciences,74,51,68.92%,47,63.51%,53,71.62%,2,2.70%,4,5.41%
,,,7903,School of the Future,82,70,85.37%,66,80.49%,71,86.59%,1,1.22%,4,4.88%
,,,7904,Academy at Palumbo,212,185,87.26%,182,85.85%,188,88.68%,3,1.42%,3,1.42%
,,,7905,Constitution HS,89,79,88.76%,78,87.64%,80,89.89%,1,1.12%,1,1.12%
,,,7906,Science Leadership Academy,122,79,64.75%,79,64.75%,80,65.57%,1,0.82%,0,0.00%
,,,8039,Arts Academy at Benjamin Rush,146,137,93.84%,130,89.04%,140,95.89%,3,2.05%,7,4.79%
,,,8293,Penn Treaty Sch,63,43,68.25%,41,65.08%,44,69.84%,1,1.59%,2,3.17%
,,,8298,The SD of Philadelphia Virtual Academy,36,20,55.56%,17,47.22%,21,58.33%,1,2.78%,3,8.33%
,,,8328,The Workshop School,49,15,30.61%,14,28.57%,16,32.65%,1,2.04%,1,2.04%
,,,8329,The U School: Innovative Lab,49,40,81.63%,38,77.55%,41,83.67%,1,2.04%,2,4.08%
,,,8330,The Science Leadership Academy at Beeber,123,109,88.62%,107,86.99%,110,89.43%,1,0.81%,2,1.63%
,,,8331,The Linc,57,34,59.65%,32,56.14%,34,59.65%,0,0.00%,2,3.51%
,,,8332,Building 21,66,41,62.12%,35,53.03%,41,62.12%,0,0.00%,6,9.09%
,,,8385,Philadelphia Learning Academy - North,6,0,0.00%,0,0.00%,0,0.00%,0,0.00%,0,0.00%
,,,8386,Philadelphia Learning Academy - South,16,0,0.00%,0,0.00%,0,0.00%,0,0.00%,0,0.00%
,,,8388,Kensington HS,90,17,18.89%,13,14.44%,20,22.22%,3,3.33%,4,4.44%
,,,9999,Philadelphia City SD,685,63,9.20%,48,7.01%,69,10.07%,6,0.88%,15,2.19%
,126519434,Universal Audenried Charter School,8195,Universal Audenried Charter School,108,0,0.00%,0,0.00%,0,0.00%,0,0.00%,0,0.00%
,151514721,Mastery CS-Pickett Campus,7961,Mastery CS-Pickett Campus,94,62,65.96%,62,65.96%,66,70.21%,4,4.26%,0,0.00%
,177518712,Eastern University Academy Charter School,8127,Eastern University Academy Charter School,55,52,94.55%,52,94.55%,52,94.55%,0,0.00%,0,0.00%
,181519176,ASPIRA Bilingual Cyber Charter School,8148,ASPIRA Bilingual Cyber Charter School,45,27,60.00%,27,60.00%,35,77.78%,8,17.78%,0,0.00%
,185515523,Boys Latin of Philadelphia CS,7981,Boys Latin of Philadelphia CS,87,75,86.21%,74,85.06%,77,88.51%,2,2.30%,1,1.15%
,192518422,Tacony Academy Charter School,8126,Tacony Academy Charter School,89,68,76.40%,68,76.40%,73,82.02%,5,5.62%,0,0.00%
Pike,119648303,Wallenpaupack Area SD,4310,Wallenpaupack Area HS,274,175,63.87%,171,62.41%,182,66.42%,7,2.55%,4,1.46%
,120522003,Delaware Valley SD,5261,Delaware Valley HS,393,280,71.25%,280,71.25%,289,73.54%,9,2.29%,0,0.00%
Potter,109530304,Austin Area SD,6222,Austin Area JSHS,12,5,41.67%,5,41.67%,5,41.67%,0,0.00%,0,0.00%
,109531304,Coudersport Area SD,3869,Coudersport Area JSHS,61,41,67.21%,41,67.21%,41,67.21%,0,0.00%,0,0.00%
,,,9999,Coudersport Area SD,1,0,0.00%,0,0.00%,0,0.00%,0,0.00%,0,0.00%
,109532804,Galeton Area SD,6223,Galeton Area Sch,14,6,42.86%,5,35.71%,8,57.14%,2,14.29%,1,7.14%
,109535504,Northern Potter SD,3875,Northern Potter JSHS,36,19,52.78%,19,52.78%,19,52.78%,0,0.00%,0,0.00%
,109537504,Oswayo Valley SD,3877,Oswayo Valley HS,34,21,61.76%,21,61.76%,21,61.76%,0,0.00%,0,0.00%
,,,9999,Oswayo Valley SD,1,0,0.00%,0,0.00%,0,0.00%,0,0.00%,0,0.00%
Schuylkill,129540803,Blue Mountain SD,3891,Blue Mountain HS,205,145,70.73%,132,64.39%,147,71.71%,2,0.98%,13,6.34%
,129544503,Mahanoy Area SD,8403,Mahanoy Area JSHS,82,56,68.29%,56,68.29%,61,74.39%,5,6.10%,0,0.00%
,,,9999,Mahanoy Area SD,1,0,0.00%,0,0.00%,0,0.00%,0,0.00%,0,0.00%
,129544703,Minersville Area SD,6583,Minersville Area JSHS,66,46,69.70%,43,65.15%,48,72.73%,2,3.03%,3,4.55%
,129544907,Gillingham Charter School,8161,Gillingham Charter School,11,5,45.45%,5,45.45%,5,45.45%,0,0.00%,0,0.00%
,129545003,North Schuylkill SD,3883,North Schuylkill JSHS,123,69,56.10%,69,56.10%,70,56.91%,1,0.81%,0,0.00%
,129546003,Pine Grove Area SD,3910,Pine Grove Area HS,126,63,50.00%,61,48.41%,72,57.14%,9,7.14%,2,1.59%
,129546103,Pottsville Area SD,3924,Pottsville Area HS,214,138,64.49%,123,57.48%,140,65.42%,2,0.93%,15,7.01%
,,,9999,Pottsville Area SD,6,0,0.00%,0,0.00%,0,0.00%,0,0.00%,0,0.00%
,129547203,Shenandoah Valley SD,3940,Shenandoah Valley JSHS,78,47,60.26%,47,60.26%,49,62.82%,2,2.56%,0,0.00%
,129547303,Schuylkill Haven Area SD,5264,Schuylkill Haven SHS,104,66,63.46%,66,63.46%,66,63.46%,0,0.00%,0,0.00%
,129547603,Tamaqua Area SD,5070,Tamaqua Area SHS,157,136,86.62%,135,85.99%,137,87.26%,1,0.64%,1,0.64%
,129547803,Tri-Valley SD,3957,Tri-Valley JSHS,71,46,64.79%,46,64.79%,54,76.06%,8,11.27%,0,0.00%
,129548803,Williams Valley SD,3914,Williams Valley JSHS,68,36,52.94%,29,42.65%,42,61.76%,6,8.82%,7,10.29%
,,,9999,Williams Valley SD,1,0,0.00%,0,0.00%,0,0.00%,0,0.00%,0,0.00%
Snyder,116555003,Midd-West SD,3962,Midd-West HS,175,68,38.86%,67,38.29%,69,39.43%,1,0.57%,1,0.57%
,,,9999,Midd-West SD,2,0,0.00%,0,0.00%,0,0.00%,0,0.00%,0,0.00%
,116557103,Selinsgrove Area SD,3969,Selinsgrove Area HS,147,108,73.47%,108,73.47%,108,73.47%,0,0.00%,0,0.00%
Somerset,108561003,Berlin Brothersvalley SD,6207,Berlin Brothersvalley SHS,69,35,50.72%,35,50.72%,46,66.67%,11,15.94%,0,0.00%
,108561803,Conemaugh Township Area SD,3978,Conemaugh Twp Area MS/SHS,73,55,75.34%,51,69.86%,56,76.71%,1,1.37%,4,5.48%
,108565203,Meyersdale Area SD,3994,Meyersdale Area HS,64,39,60.94%,37,57.81%,39,60.94%,0,0.00%,2,3.13%
,,,9999,Meyersdale Area SD,1,0,0.00%,0,0.00%,0,0.00%,0,0.00%,0,0.00%
,108565503,North Star SD,3988,North Star HS,93,49,52.69%,48,51.61%,51,54.84%,2,2.15%,1,1.08%
,108566303,Rockwood Area SD,6210,Rockwood Area JSHS,53,28,52.83%,28,52.83%,28,52.83%,0,0.00%,0,0.00%
,108567004,Salisbury-Elk Lick SD,4002,Salisbury-Elk Lick JSHS,21,10,47.62%,10,47.62%,11,52.38%,1,4.76%,0,0.00%
,108567204,Shade-Central City SD,4006,Shade JSHS,30,17,56.67%,17,56.67%,17,56.67%,0,0.00%,0,0.00%
,108567404,Shanksville-Stonycreek SD,6800,Shanksville-Stonycreek HS,23,11,47.83%,11,47.83%,12,52.17%,1,4.35%,0,0.00%
,108567703,Somerset Area SD,8274,Somerset Area Jr-Sr HS,187,103,55.08%,91,48.66%,108,57.75%,5,2.67%,12,6.42%
,108568404,Turkeyfoot Valley Area SD,6216,Turkeyfoot Valley Area JSHS,26,12,46.15%,12,46.15%,12,46.15%,0,0.00%,0,0.00%
,108569103,Windber Area SD,4026,Windber Area HS,86,57,66.28%,56,65.12%,63,73.26%,6,6.98%,1,1.16%
,,,9999,Windber Area SD,3,0,0.00%,0,0.00%,0,0.00%,0,0.00%,0,0.00%
Sullivan,117576303,Sullivan County SD,4030,Sullivan Co JSHS,41,23,56.10%,23,56.10%,24,58.54%,1,2.44%,0,0.00%
Susquehanna,119581003,Blue Ridge SD,4034,Blue Ridge HS,66,46,69.70%,42,63.64%,46,69.70%,0,0.00%,4,6.06%
,119582503,Elk Lake SD,6418,Elk Lake JSHS,96,55,57.29%,54,56.25%,55,57.29%,0,0.00%,1,1.04%
,119583003,Forest City Regional SD,6419,Forest City Regional HS,52,30,57.69%,30,57.69%,32,61.54%,2,3.85%,0,0.00%
,,,9999,Forest City Regional SD,1,0,0.00%,0,0.00%,0,0.00%,0,0.00%,0,0.00%
,119584503,Montrose Area SD,4044,Montrose Area JSHS,127,82,64.57%,74,58.27%,83,65.35%,1,0.79%,8,6.30%
,119584603,Mountain View SD,4049,Mountain View JSHS,67,42,62.69%,42,62.69%,48,71.64%,6,8.96%,0,0.00%
,119586503,Susquehanna Community SD,4054,Susquehanna Community JSHS,53,30,56.60%,30,56.60%,31,58.49%,1,1.89%,0,0.00%
,,,9999,Susquehanna Community SD,3,0,0.00%,0,0.00%,0,0.00%,0,0.00%,0,0.00%
Tioga,117596003,Northern Tioga SD,4058,Cowanesque Valley JSHS,50,26,52.00%,26,52.00%,26,52.00%,0,0.00%,0,0.00%
,,,6373,Williamson SHS,83,55,66.27%,55,66.27%,59,71.08%,4,4.82%,0,0.00%
,117597003,Southern Tioga SD,4064,North Penn-Liberty JSHS,45,27,60.00%,27,60.00%,28,62.22%,1,2.22%,0,0.00%
,,,4068,North Penn-Mansfield JSHS,85,45,52.94%,45,52.94%,48,56.47%,3,3.53%,0,0.00%
,117598503,Wellsboro Area SD,4080,Wellsboro Area HS,107,77,71.96%,72,67.29%,79,73.83%,2,1.87%,5,4.67%
Union,116604003,Lewisburg Area SD,4085,Lewisburg HS,172,146,84.88%,146,84.88%,146,84.88%,0,0.00%,0,0.00%
,116605003,Mifflinburg Area SD,4091,Mifflinburg Area SHS,157,80,50.96%,78,49.68%,82,52.23%,2,1.27%,2,1.27%
Venango,106611303,Cranberry Area SD,4098,Cranberry Area JSHS,89,48,53.93%,48,53.93%,57,64.04%,9,10.11%,0,0.00%
,106612203,Franklin Area SD,4106,Franklin Area JSHS,136,81,59.56%,80,58.82%,87,63.97%,6,4.41%,1,0.74%
,,,9999,Franklin Area SD,10,0,0.00%,0,0.00%,0,0.00%,0,0.00%,0,0.00%
,106616203,Oil City Area SD,4931,Oil City SHS,143,76,53.15%,72,50.35%,79,55.24%,3,2.10%,4,2.80%
,,,9999,Oil City Area SD,16,0,0.00%,0,0.00%,0,0.00%,0,0.00%,0,0.00%
,106617203,Titusville Area SD,1668,Titusville SHS,135,70,51.85%,64,47.41%,76,56.30%,6,4.44%,6,4.44%
,106618603,Valley Grove SD,4126,Rocky Grove JSHS,64,36,56.25%,31,48.44%,36,56.25%,0,0.00%,5,7.81%
Warren,105620001,Tidioute Community CS,7833,Tidioute Community CS,21,17,80.95%,17,80.95%,17,80.95%,0,0.00%,0,0.00%
,105628302,Warren County SD,4135,Youngsville HS,65,33,50.77%,33,50.77%,34,52.31%,1,1.54%,0,0.00%
,,,4143,Eisenhower M/HS,70,41,58.57%,39,55.71%,45,64.29%,4,5.71%,2,2.86%
,,,4146,Sheffield M/HS,44,19,43.18%,14,31.82%,20,45.45%,1,2.27%,5,11.36%
,,,4149,Warren Area HS,178,103,57.87%,97,54.49%,108,60.67%,5,2.81%,6,3.37%
Washington,101630504,Avella Area SD,4165,Avella Area JSHS,35,21,60.00%,19,54.29%,21,60.00%,0,0.00%,2,5.71%
,101630903,Bentworth SD,4188,Bentworth SHS,80,60,75.00%,54,67.50%,60,75.00%,0,0.00%,6,7.50%
,,,9999,Bentworth SD,1,0,0.00%,0,0.00%,0,0.00%,0,0.00%,0,0.00%
,101631003,Bethlehem-Center SD,4181,Bethlehem-Center SHS,73,41,56.16%,37,50.68%,41,56.16%,0,0.00%,4,5.48%
,101631203,Burgettstown Area SD,4195,Burgettstown MS/HS,103,70,67.96%,70,67.96%,70,67.96%,0,0.00%,0,0.00%
,,,9999,Burgettstown Area SD,3,0,0.00%,0,0.00%,0,0.00%,0,0.00%,0,0.00%
,101631503,California Area SD,4203,California Area SHS,87,63,72.41%,61,70.11%,68,78.16%,5,5.75%,2,2.30%
,101631703,Canon-McMillan SD,4217,Canon-McMillan SHS,386,314,81.35%,306,79.27%,315,81.61%,1,0.26%,8,2.07%
,,,9999,Canon-McMillan SD,6,0,0.00%,0,0.00%,0,0.00%,0,0.00%,0,0.00%
,101631803,Charleroi SD,4715,Charleroi Area HS,98,64,65.31%,61,62.24%,64,65.31%,0,0.00%,3,3.06%
,,,9999,Charleroi SD,1,1,100.00%,1,100.00%,1,100.00%,0,0.00%,0,0.00%
,101631903,Chartiers-Houston SD,4235,Chartiers-Houston JSHS,96,76,79.17%,70,72.92%,77,80.21%,1,1.04%,6,6.25%
,,,9999,Chartiers-Houston SD,3,0,0.00%,0,0.00%,0,0.00%,0,0.00%,0,0.00%
,101632403,Fort Cherry SD,4242,Fort Cherry JSHS,78,53,67.95%,50,64.10%,55,70.51%,2,2.56%,3,3.85%
,101633903,McGuffey SD,4249,McGuffey HS,116,68,58.62%,57,49.14%,68,58.62%,0,0.00%,11,9.48%
,,,9999,McGuffey SD,2,0,0.00%,0,0.00%,0,0.00%,0,0.00%,0,0.00%
,101636503,Peters Township SD,5083,Peters Twp HS,336,311,92.56%,311,92.56%,315,93.75%,4,1.19%,0,0.00%
,,,9999,Peters Township SD,2,0,0.00%,0,0.00%,0,0.00%,0,0.00%,0,0.00%
,101637002,Ringgold SD,7019,Ringgold SHS,223,149,66.82%,146,65.47%,152,68.16%,3,1.35%,3,1.35%
,,,9999,Ringgold SD,7,0,0.00%,0,0.00%,0,0.00%,0,0.00%,0,0.00%
,101638003,Trinity Area SD,6012,Trinity SHS,245,168,68.57%,160,65.31%,175,71.43%,7,2.86%,8,3.27%
,,,9999,Trinity Area SD,1,0,0.00%,0,0.00%,0,0.00%,0,0.00%,0,0.00%
,101638803,Washington SD,4286,Washington HS,91,58,63.74%,58,63.74%,65,71.43%,7,7.69%,0,0.00%
,,,9999,Washington SD,7,0,0.00%,0,0.00%,0,0.00%,0,0.00%,0,0.00%
Wayne,119648703,Wayne Highlands SD,4295,Honesdale HS,189,135,71.43%,135,71.43%,140,74.07%,5,2.65%,0,0.00%
,,,9999,Wayne Highlands SD,17,10,58.82%,10,58.82%,10,58.82%,0,0.00%,0,0.00%
,119648903,Western Wayne SD,6704,Western Wayne HS,147,102,69.39%,97,65.99%,104,70.75%,2,1.36%,5,3.40%
Westmoreland,107650603,Belle Vernon Area SD,4930,Belle Vernon Area HS,183,142,77.60%,135,73.77%,148,80.87%,6,3.28%,7,3.83%
,107650703,Burrell SD,4340,Burrell HS,125,98,78.40%,95,76.00%,98,78.40%,0,0.00%,3,2.40%
,,,9999,Burrell SD,1,0,0.00%,0,0.00%,0,0.00%,0,0.00%,0,0.00%
,107651603,Derry Area SD,4352,Derry Area SHS,151,110,72.85%,101,66.89%,111,73.51%,1,0.66%,9,5.96%
,,,9999,Derry Area SD,6,0,0.00%,0,0.00%,0,0.00%,0,0.00%,0,0.00%
,107652603,Franklin Regional SD,4360,Franklin Regional SHS,306,278,90.85%,278,90.85%,280,91.50%,2,0.65%,0,0.00%
,107653040,Dr Robert Ketterer CS Inc,7550,Dr Robert Ketterer CS Inc.,31,16,51.61%,16,51.61%,18,58.06%,2,6.45%,0,0.00%
,107653102,Greater Latrobe SD,4845,Greater Latrobe SHS,309,232,75.08%,226,73.14%,242,78.32%,10,3.24%,6,1.94%
,,,9999,Greater Latrobe SD,3,0,0.00%,0,0.00%,0,0.00%,0,0.00%,0,0.00%
,107653203,Greensburg Salem SD,4373,Greensburg-Salem HS,166,163,98.19%,136,81.93%,163,98.19%,0,0.00%,27,16.27%
,,,9999,Greensburg Salem SD,1,0,0.00%,0,0.00%,0,0.00%,0,0.00%,0,0.00%
,107653802,Hempfield Area SD,4404,Hempfield Area SHS,437,352,80.55%,345,78.95%,358,81.92%,6,1.37%,7,1.60%
,,,9999,Hempfield Area SD,4,0,0.00%,0,0.00%,0,0.00%,0,0.00%,0,0.00%
,107654103,Jeannette City SD,8421,Jeannette HS,52,38,73.08%,33,63.46%,39,75.00%,1,1.92%,5,9.62%
,,,9999,Jeannette City SD,3,0,0.00%,0,0.00%,0,0.00%,0,0.00%,0,0.00%
,107654403,Kiski Area SD,4431,Kiski Area HS,291,200,68.73%,194,66.67%,207,71.13%,7,2.41%,6,2.06%
,107654903,Ligonier Valley SD,4442,Ligonier Valley HS,129,97,75.19%,96,74.42%,106,82.17%,9,6.98%,1,0.78%
,107655803,Monessen City SD,6181,Monessen SHS,48,26,54.17%,22,45.83%,27,56.25%,1,2.08%,4,8.33%
,,,9999,Monessen City SD,2,0,0.00%,0,0.00%,0,0.00%,0,0.00%,0,0.00%
,107655903,Mount Pleasant Area SD,4458,Mount Pleasant Area HS,160,0,0.00%,0,0.00%,0,0.00%,0,0.00%,0,0.00%
,107656303,New Kensington-Arnold SD,8323,Valley JSHS,116,86,74.14%,77,66.38%,86,74.14%,0,0.00%,9,7.76%
,107656502,Norwin SD,4717,Norwin SHS,377,322,85.41%,316,83.82%,326,86.47%,4,1.06%,6,1.59%
,,,9999,Norwin SD,3,0,0.00%,0,0.00%,0,0.00%,0,0.00%,0,0.00%
,107657103,Penn-Trafford SD,6648,Penn Trafford HS,333,275,82.58%,274,82.28%,280,84.08%,5,1.50%,1,0.30%
,,,9999,Penn-Trafford SD,4,0,0.00%,0,0.00%,0,0.00%,0,0.00%,0,0.00%
,107657503,Southmoreland SD,6191,Southmoreland SHS,135,101,74.81%,101,74.81%,101,74.81%,0,0.00%,0,0.00%
,,,9999,Southmoreland SD,2,0,0.00%,0,0.00%,0,0.00%,0,0.00%,0,0.00%
,107658903,Yough SD,4735,Yough SHS,177,126,71.19%,116,65.54%,126,71.19%,0,0.00%,10,5.65%
,,,9999,Yough SD,1,0,0.00%,0,0.00%,0,0.00%,0,0.00%,0,0.00%
Wyoming,118667503,Tunkhannock Area SD,5271,Tunkhannock HS,184,127,69.02%,124,67.39%,132,71.74%,5,2.72%,3,1.63%
,119665003,Lackawanna Trail SD,4528,Lackawanna Trail JSHS,82,50,60.98%,50,60.98%,56,68.29%,6,7.32%,0,0.00%
,,,9999,Lackawanna Trail SD,1,0,0.00%,0,0.00%,0,0.00%,0,0.00%,0,0.00%
York,112671303,Central York SD,4545,Central York HS,458,351,76.64%,336,73.36%,358,78.17%,7,1.53%,15,3.28%
,,,9999,Central York SD,2,0,0.00%,0,0.00%,0,0.00%,0,0.00%,0,0.00%
,112671603,Dallastown Area SD,4553,Dallastown Area SHS,453,339,74.83%,339,74.83%,361,79.69%,22,4.86%,0,0.00%
,,,9999,Dallastown Area SD,11,5,45.45%,5,45.45%,6,54.55%,1,9.09%,0,0.00%
,112671803,Dover Area SD,4558,Dover Area HS,227,142,62.56%,138,60.79%,148,65.20%,6,2.64%,4,1.76%
,,,9999,Dover Area SD,10,0,0.00%,0,0.00%,0,0.00%,0,0.00%,0,0.00%
,112672203,Eastern York SD,4564,Eastern York HS,158,92,58.23%,88,55.70%,101,63.92%,9,5.70%,4,2.53%
,,,9999,Eastern York SD,6,0,0.00%,0,0.00%,0,0.00%,0,0.00%,0,0.00%
,112672803,Hanover Public SD,4571,Hanover SHS,111,56,50.45%,56,50.45%,58,52.25%,2,1.80%,0,0.00%
,,,9999,Hanover Public SD,10,1,10.00%,1,10.00%,1,10.00%,0,0.00%,0,0.00%
,112673300,Crispus Attucks CS,7624,Crispus Attucks CS,53,1,1.89%,1,1.89%,1,1.89%,0,0.00%,0,0.00%
,112674403,Northeastern York SD,4577,Northeastern SHS,219,159,72.60%,158,72.15%,165,75.34%,6,2.74%,1,0.46%
,,,9999,Northeastern York SD,3,0,0.00%,0,0.00%,0,0.00%,0,0.00%,0,0.00%
,112675503,Red Lion Area SD,4598,Red Lion Area SHS,376,230,61.17%,218,57.98%,244,64.89%,14,3.72%,12,3.19%
,,,9999,Red Lion Area SD,5,0,0.00%,0,0.00%,0,0.00%,0,0.00%,0,0.00%
,112676203,South Eastern SD,4602,Kennard-Dale HS,165,117,70.91%,108,65.45%,118,71.52%,1,0.61%,9,5.45%
,,,9999,South Eastern SD,16,2,12.50%,2,12.50%,4,25.00%,2,12.50%,0,0.00%
,112676403,South Western SD,4608,South Western SHS,297,212,71.38%,210,70.71%,222,74.75%,10,3.37%,2,0.67%
,,,9999,South Western SD,17,0,0.00%,0,0.00%,0,0.00%,0,0.00%,0,0.00%
,112676503,Southern York County SD,4614,Susquehannock HS,226,166,73.45%,162,71.68%,172,76.11%,6,2.65%,4,1.77%
,,,9999,Southern York County SD,4,0,0.00%,0,0.00%,0,0.00%,0,0.00%,0,0.00%
,112676703,Spring Grove Area SD,4623,Spring Grove Area HS,265,148,55.85%,141,53.21%,152,57.36%,4,1.51%,7,2.64%
,,,9999,Spring Grove Area SD,5,0,0.00%,0,0.00%,0,0.00%,0,0.00%,0,0.00%
,112678503,West York Area SD,6705,West York Area HS,213,140,65.73%,124,58.22%,147,69.01%,7,3.29%,16,7.51%
,,,9999,West York Area SD,6,0,0.00%,0,0.00%,0,0.00%,0,0.00%,0,0.00%
,112679002,York City SD,4647,William Penn SHS,199,123,61.81%,113,56.78%,128,64.32%,5,2.51%,10,5.03%
,,,9999,York City SD,22,1,4.55%,1,4.55%,2,9.09%,1,4.55%,0,0.00%
,112679107,York Co School of Technology,5168,York Co School of Technology,358,165,46.09%,154,43.02%,169,47.21%,4,1.12%,11,3.07%
,112679403,York Suburban SD,4658,York Suburban SHS,196,148,75.51%,148,75.51%,150,76.53%,2,1.02%,0,0.00%
,,,9999,York Suburban SD,16,8,50.00%,6,37.50%,10,62.50%,2,12.50%,2,12.50%
,115219002,West Shore SD,1732,Cedar Cliff HS,267,196,73.41%,196,73.41%,197,73.78%,1,0.37%,0,0.00%
,,,4704,Red Land SHS,285,200,70.18%,200,70.18%,207,72.63%,7,2.46%,0,0.00%
,,,9999,West Shore SD,2,0,0.00%,0,0.00%,0,0.00%,0,0.00%,0,0.00%
,115674603,Northern York County SD,6345,Northern HS,247,149,60.32%,144,58.30%,149,60.32%,0,0.00%,5,2.02%
,,,9999,Northern York County SD,4,0,0.00%,0,0.00%,0,0.00%,0,0.00%,0,0.00%
Overall,,,,,"125,746","87,507",69.59%,"85,069",67.65%,"90,179",71.72%,"2,672",2.12%,"2,438",1.94%
"May 10, 20191:40:15 PM",,,,,,- 2 -,,,,,www.pimsreports.state.pa.us,,,,