county Name,AUN,LEA,School Code,School,Graduate Count,College Bound,Total College Bound %,2- or 4-Year College or University,2- Or 4-Year University %,Total Postsecondary Bound,Total Postsecondary Bound %,Non-Degree-Granting Postsecondary School,Non-Degree-Granting Postsecondary School %,Specialized Associate Degree Granting Institution,Specialized Assocate Degree Granting Institution %
Adams,112011103,Bermudian Springs SD,0003,Bermudian Springs HS,139,82,58.99%,81,58.27%,87,62.59%,5,3.60%,1,0.72%
,,,9999,Bermudian Springs SD,3,0,0.00%,0,0.00%,0,0.00%,0,0.00%,0,0.00%
,112011603,Conewago Valley SD,0017,New Oxford SHS,289,190,65.74%,190,65.74%,190,65.74%,0,0.00%,0,0.00%
,,,9999,Conewago Valley SD,9,0,0.00%,0,0.00%,0,0.00%,0,0.00%,0,0.00%
,112013054,Fairfield Area SD,6269,Fairfield Area HS,82,27,32.93%,26,31.71%,27,32.93%,0,0.00%,1,1.22%
,,,9999,Fairfield Area SD,2,0,0.00%,0,0.00%,0,0.00%,0,0.00%,0,0.00%
,112013753,Gettysburg Area SD,6271,Gettysburg Area HS,202,142,70.30%,136,67.33%,154,76.24%,12,5.94%,6,2.97%
,,,9999,Gettysburg Area SD,1,0,0.00%,0,0.00%,0,0.00%,0,0.00%,0,0.00%
,112015203,Littlestown Area SD,0014,Littlestown SHS,145,92,63.45%,83,57.24%,98,67.59%,6,4.14%,9,6.21%
,,,9999,Littlestown Area SD,4,0,0.00%,0,0.00%,0,0.00%,0,0.00%,0,0.00%
,112018523,Upper Adams SD,0021,Biglerville HS,134,92,68.66%,92,68.66%,96,71.64%,4,2.99%,0,0.00%
,,,9999,Upper Adams SD,4,0,0.00%,0,0.00%,0,0.00%,0,0.00%,0,0.00%
Allegheny,102020001,City CHS,7727,City CHS,118,88,74.58%,88,74.58%,92,77.97%,4,3.39%,0,0.00%
,102020003,The New Academy CS,7846,The New Academy CS,18,5,27.78%,5,27.78%,6,33.33%,1,5.56%,0,0.00%
,102023080,Urban Pathways 6-12 CS,7562,Urban Pathways 6-12 CS,37,25,67.57%,23,62.16%,28,75.68%,3,8.11%,2,5.41%
,102023217,Passport Academy CS,8308,Passport Academy CS,58,0,0.00%,0,0.00%,0,0.00%,0,0.00%,0,0.00%
,102027451,Pittsburgh SD,0409,Pittsburgh Allderdice HS,351,51,14.53%,51,14.53%,53,15.10%,2,0.57%,0,0.00%
,,,0412,Pittsburgh Carrick HS,150,17,11.33%,14,9.33%,19,12.67%,2,1.33%,3,2.00%
,,,0416,Pittsburgh Perry HS,90,55,61.11%,52,57.78%,59,65.56%,4,4.44%,3,3.33%
,,,6047,Pittsburgh Oliver,13,0,0.00%,0,0.00%,0,0.00%,0,0.00%,0,0.00%
,,,6664,Pittsburgh Pioneer,3,0,0.00%,0,0.00%,0,0.00%,0,0.00%,0,0.00%
,,,6811,Pittsburgh Conroy,11,0,0.00%,0,0.00%,0,0.00%,0,0.00%,0,0.00%
,,,6915,Pittsburgh Brashear HS,298,22,7.38%,22,7.38%,28,9.40%,6,2.01%,0,0.00%
,,,8105,Pittsburgh Obama 6-12,117,1,0.85%,1,0.85%,1,0.85%,0,0.00%,0,0.00%
,,,8106,Pittsburgh CAPA 6-12,129,106,82.17%,106,82.17%,108,83.72%,2,1.55%,0,0.00%
,,,8107,Pittsburgh Science and Technology Academ,77,1,1.30%,1,1.30%,1,1.30%,0,0.00%,0,0.00%
,,,8110,Pittsburgh Milliones 6-12,45,11,24.44%,11,24.44%,12,26.67%,1,2.22%,0,0.00%
,,,8203,Academy at Westinghouse,85,52,61.18%,51,60.00%,57,67.06%,5,5.88%,1,1.18%
,,,8300,Pittsburgh Online Academy,20,0,0.00%,0,0.00%,0,0.00%,0,0.00%,0,0.00%
,,,9999,Pittsburgh SD,12,0,0.00%,0,0.00%,0,0.00%,0,0.00%,0,0.00%
,103020002,Propel CS-Homestead,7772,Propel CS-Homestead,29,21,72.41%,21,72.41%,27,93.10%,6,20.69%,0,0.00%
,103020004,Propel CS-Montour,7832,Propel CS-Montour,5,3,60.00%,3,60.00%,5,100.00%,2,40.00%,0,0.00%
,,,9999,Propel CS-Montour,1,0,0.00%,0,0.00%,0,0.00%,0,0.00%,0,0.00%
,103020603,Allegheny Valley SD,0029,Springdale JSHS,64,43,67.19%,37,57.81%,43,67.19%,0,0.00%,6,9.38%
,103020753,Avonworth SD,5199,Avonworth HS,114,104,91.23%,104,91.23%,104,91.23%,0,0.00%,0,0.00%
,,,9999,Avonworth SD,4,0,0.00%,0,0.00%,0,0.00%,0,0.00%,0,0.00%
,103021003,Pine-Richland SD,0315,Pine-Richland HS,345,278,80.58%,278,80.58%,282,81.74%,4,1.16%,0,0.00%
,,,9999,Pine-Richland SD,2,0,0.00%,0,0.00%,0,0.00%,0,0.00%,0,0.00%
,103021102,Baldwin-Whitehall SD,0050,Baldwin SHS,364,283,77.75%,283,77.75%,304,83.52%,21,5.77%,0,0.00%
,,,9999,Baldwin-Whitehall SD,7,0,0.00%,0,0.00%,1,14.29%,1,14.29%,0,0.00%
,103021252,Bethel Park SD,0062,Bethel Park HS,336,292,86.90%,292,86.90%,292,86.90%,0,0.00%,0,0.00%
,,,9999,Bethel Park SD,1,0,0.00%,0,0.00%,0,0.00%,0,0.00%,0,0.00%
,103021453,Brentwood Borough SD,0070,Brentwood SHS,90,57,63.33%,56,62.22%,60,66.67%,3,3.33%,1,1.11%
,,,9999,Brentwood Borough SD,1,1,100.00%,1,100.00%,1,100.00%,0,0.00%,0,0.00%
,103021603,Carlynton SD,0079,Carlynton JSHS,98,0,0.00%,0,0.00%,0,0.00%,0,0.00%,0,0.00%
,103021752,Chartiers Valley SD,6706,Chartiers Valley HS,255,175,68.63%,173,67.84%,176,69.02%,1,0.39%,2,0.78%
,,,9999,Chartiers Valley SD,4,0,0.00%,0,0.00%,0,0.00%,0,0.00%,0,0.00%
,103021903,Clairton City SD,8094,Clairton MS/HS,34,16,47.06%,16,47.06%,16,47.06%,0,0.00%,0,0.00%
,,,9999,Clairton City SD,3,1,33.33%,1,33.33%,1,33.33%,0,0.00%,0,0.00%
,103022103,Cornell SD,8087,Cornell HS,49,34,69.39%,33,67.35%,38,77.55%,4,8.16%,1,2.04%
,103022253,Deer Lakes SD,0513,Deer Lakes HS,115,72,62.61%,71,61.74%,72,62.61%,0,0.00%,1,0.87%
,103022803,East Allegheny SD,8340,East Allegheny JSHS,123,90,73.17%,71,57.72%,92,74.80%,2,1.63%,19,15.45%
,,,9999,East Allegheny SD,4,0,0.00%,0,0.00%,1,25.00%,1,25.00%,0,0.00%
,103023153,Elizabeth Forward SD,0144,Elizabeth Forward SHS,158,111,70.25%,111,70.25%,114,72.15%,3,1.90%,0,0.00%
,,,9999,Elizabeth Forward SD,1,0,0.00%,0,0.00%,0,0.00%,0,0.00%,0,0.00%
,103023410,Spectrum CS,7648,Spectrum CS,6,0,0.00%,0,0.00%,0,0.00%,0,0.00%,0,0.00%
,103023912,Fox Chapel Area SD,0156,Fox Chapel Area HS,341,272,79.77%,272,79.77%,272,79.77%,0,0.00%,0,0.00%
,103024102,Gateway SD,0170,Gateway SHS,231,151,65.37%,148,64.07%,154,66.67%,3,1.30%,3,1.30%
,,,9999,Gateway SD,5,0,0.00%,0,0.00%,0,0.00%,0,0.00%,0,0.00%
,103024603,Hampton Township SD,5190,Hampton HS,230,214,93.04%,213,92.61%,214,93.04%,0,0.00%,1,0.43%
,103024753,Highlands SD,5153,Highlands SHS,150,94,62.67%,88,58.67%,100,66.67%,6,4.00%,6,4.00%
,,,9999,Highlands SD,2,0,0.00%,0,0.00%,0,0.00%,0,0.00%,0,0.00%
,103025002,Keystone Oaks SD,5112,Keystone Oaks HS,140,95,67.86%,89,63.57%,101,72.14%,6,4.29%,6,4.29%
,,,9999,Keystone Oaks SD,3,0,0.00%,0,0.00%,0,0.00%,0,0.00%,0,0.00%
,103026002,McKeesport Area SD,6105,McKeesport Area SHS,208,113,54.33%,111,53.37%,121,58.17%,8,3.85%,2,0.96%
,103026303,Montour SD,5017,Montour HS,247,191,77.33%,188,76.11%,193,78.14%,2,0.81%,3,1.21%
,,,9999,Montour SD,2,0,0.00%,0,0.00%,0,0.00%,0,0.00%,0,0.00%
,103026343,Moon Area SD,4951,Moon SHS,283,224,79.15%,224,79.15%,227,80.21%,3,1.06%,0,0.00%
,103026402,Mt Lebanon SD,0254,Mt Lebanon SHS,425,393,92.47%,392,92.24%,394,92.71%,1,0.24%,1,0.24%
,,,9999,Mt Lebanon SD,5,0,0.00%,0,0.00%,0,0.00%,0,0.00%,0,0.00%
,103026852,North Allegheny SD,8305,North Allegheny HS,628,556,88.54%,556,88.54%,556,88.54%,0,0.00%,0,0.00%
,,,9999,North Allegheny SD,4,0,0.00%,0,0.00%,0,0.00%,0,0.00%,0,0.00%
,103026873,Northgate SD,0053,Northgate MSHS,68,51,75.00%,47,69.12%,51,75.00%,0,0.00%,4,5.88%
,,,9999,Northgate SD,2,0,0.00%,0,0.00%,0,0.00%,0,0.00%,0,0.00%
,103026902,North Hills SD,7101,North Hills SHS,290,243,83.79%,241,83.10%,248,85.52%,5,1.72%,2,0.69%
,103027352,Penn Hills SD,0309,Penn Hills SHS,323,213,65.94%,208,64.40%,229,70.90%,16,4.95%,5,1.55%
,,,9999,Penn Hills SD,1,0,0.00%,0,0.00%,0,0.00%,0,0.00%,0,0.00%
,103027503,Plum Borough SD,0435,Plum SHS,288,227,78.82%,221,76.74%,232,80.56%,5,1.74%,6,2.08%
,,,9999,Plum Borough SD,5,0,0.00%,0,0.00%,0,0.00%,0,0.00%,0,0.00%
,103027753,Quaker Valley SD,0448,Quaker Valley HS,141,120,85.11%,120,85.11%,120,85.11%,0,0.00%,0,0.00%
,,,9999,Quaker Valley SD,3,1,33.33%,1,33.33%,1,33.33%,0,0.00%,0,0.00%
,103028203,Riverview SD,6928,Riverview JSHS,86,72,83.72%,72,83.72%,72,83.72%,0,0.00%,0,0.00%
,,,9999,Riverview SD,2,0,0.00%,0,0.00%,0,0.00%,0,0.00%,0,0.00%
,103028302,Shaler Area SD,0460,Shaler Area HS,323,200,61.92%,200,61.92%,227,70.28%,27,8.36%,0,0.00%
,,,9999,Shaler Area SD,6,1,16.67%,1,16.67%,3,50.00%,2,33.33%,0,0.00%
,103028425,Westinghouse Arts Academy CS,8392,Westinghouse Arts Academy CS,36,13,36.11%,13,36.11%,13,36.11%,0,0.00%,0,0.00%
,103028653,South Allegheny SD,8459,South Allegheny HS,101,76,75.25%,75,74.26%,76,75.25%,0,0.00%,1,0.99%
,,,9999,South Allegheny SD,5,2,40.00%,2,40.00%,2,40.00%,0,0.00%,0,0.00%
,103028703,South Fayette Township SD,0470,South Fayette Twp HS,212,190,89.62%,190,89.62%,197,92.92%,7,3.30%,0,0.00%
,,,9999,South Fayette Township SD,5,1,20.00%,1,20.00%,1,20.00%,0,0.00%,0,0.00%
,103028753,South Park SD,0467,South Park SHS,151,118,78.15%,118,78.15%,121,80.13%,3,1.99%,0,0.00%
,,,9999,South Park SD,2,0,0.00%,0,0.00%,0,0.00%,0,0.00%,0,0.00%
,103028833,Steel Valley SD,0196,Steel Valley SHS,110,65,59.09%,62,56.36%,68,61.82%,3,2.73%,3,2.73%
,,,9999,Steel Valley SD,3,0,0.00%,0,0.00%,0,0.00%,0,0.00%,0,0.00%
,103028853,Sto-Rox SD,0477,Sto-Rox JSHS,96,55,57.29%,52,54.17%,56,58.33%,1,1.04%,3,3.13%
,103029203,Upper Saint Clair SD,0492,Upper Saint Clair HS,338,308,91.12%,307,90.83%,316,93.49%,8,2.37%,1,0.30%
,,,9999,Upper Saint Clair SD,3,1,33.33%,1,33.33%,1,33.33%,0,0.00%,0,0.00%
,103029403,West Allegheny SD,0509,West Allegheny SHS,238,198,83.19%,194,81.51%,204,85.71%,6,2.52%,4,1.68%
,103029553,West Jefferson Hills SD,0523,Thomas Jefferson HS,221,175,79.19%,168,76.02%,176,79.64%,1,0.45%,7,3.17%
,103029603,West Mifflin Area SD,0536,West Mifflin Area HS,243,156,64.20%,149,61.32%,161,66.26%,5,2.06%,7,2.88%
,,,9999,West Mifflin Area SD,8,0,0.00%,0,0.00%,0,0.00%,0,0.00%,0,0.00%
,103029902,Woodland Hills SD,0107,Woodland Hills HS,245,149,60.82%,149,60.82%,167,68.16%,18,7.35%,0,0.00%
,,,9999,Woodland Hills SD,9,0,0.00%,0,0.00%,0,0.00%,0,0.00%,0,0.00%
,115220003,Pennsylvania Distance Learning CS,7821,Pennsylvania Distance Learning CS,65,31,47.69%,29,44.62%,37,56.92%,6,9.23%,2,3.08%
,160028259,Propel CS-Braddock Hills,8129,Propel CS-Braddock Hills,54,34,62.96%,28,51.85%,35,64.81%,1,1.85%,6,11.11%
,,,9999,Propel CS-Braddock Hills,1,0,0.00%,0,0.00%,0,0.00%,0,0.00%,0,0.00%
Armstrong,128030603,Apollo-Ridge SD,2320,Apollo-Ridge HS,60,44,73.33%,44,73.33%,45,75.00%,1,1.67%,0,0.00%
,,,9999,Apollo-Ridge SD,8,1,12.50%,1,12.50%,1,12.50%,0,0.00%,0,0.00%
,128030852,Armstrong SD,7640,West Shamokin JSHS,63,39,61.90%,37,58.73%,40,63.49%,1,1.59%,2,3.17%
,,,8342,Armstrong JSHS,183,82,44.81%,80,43.72%,85,46.45%,3,1.64%,2,1.09%
,,,9999,Armstrong SD,2,0,0.00%,0,0.00%,0,0.00%,0,0.00%,0,0.00%
,128033053,Freeport Area SD,0594,Freeport Area SHS,113,88,77.88%,82,72.57%,89,78.76%,1,0.88%,6,5.31%
,128034503,Leechburg Area SD,7923,Leechburg Area HS,69,34,49.28%,30,43.48%,34,49.28%,0,0.00%,4,5.80%
,,,9999,Leechburg Area SD,5,2,40.00%,1,20.00%,2,40.00%,0,0.00%,1,20.00%
,128034607,Lenape Tech,4807,Lenape Tech,159,52,32.70%,51,32.08%,56,35.22%,4,2.52%,1,0.63%
Beaver,127040002,Lincoln Park Performing Arts CS,7859,Lincoln Park Performing Arts CS,146,124,84.93%,124,84.93%,131,89.73%,7,4.79%,0,0.00%
,127040503,Aliquippa SD,8086,Aliquippa JSHS,57,0,0.00%,0,0.00%,0,0.00%,0,0.00%,0,0.00%
,127040703,Ambridge Area SD,6555,Ambridge Area HS,189,137,72.49%,118,62.43%,137,72.49%,0,0.00%,19,10.05%
,,,9999,Ambridge Area SD,1,0,0.00%,0,0.00%,0,0.00%,0,0.00%,0,0.00%
,127041203,Beaver Area SD,0640,Beaver Area SHS,145,92,63.45%,84,57.93%,94,64.83%,2,1.38%,8,5.52%
,,,9999,Beaver Area SD,2,0,0.00%,0,0.00%,0,0.00%,0,0.00%,0,0.00%
,127041503,Big Beaver Falls Area SD,0649,Beaver Falls Area SHS,95,47,49.47%,41,43.16%,61,64.21%,14,14.74%,6,6.32%
,,,9999,Big Beaver Falls Area SD,1,0,0.00%,0,0.00%,0,0.00%,0,0.00%,0,0.00%
,127041603,Blackhawk SD,6707,Blackhawk HS,175,137,78.29%,134,76.57%,145,82.86%,8,4.57%,3,1.71%
,,,9999,Blackhawk SD,2,0,0.00%,0,0.00%,0,0.00%,0,0.00%,0,0.00%
,127042003,Central Valley SD,8044,Central Valley HS,165,119,72.12%,118,71.52%,121,73.33%,2,1.21%,1,0.61%
,,,9999,Central Valley SD,3,0,0.00%,0,0.00%,0,0.00%,0,0.00%,0,0.00%
,127042853,Freedom Area SD,6563,Freedom Area SHS,94,32,34.04%,32,34.04%,32,34.04%,0,0.00%,0,0.00%
,,,9999,Freedom Area SD,1,0,0.00%,0,0.00%,0,0.00%,0,0.00%,0,0.00%
,127043430,Pennsylvania Cyber CS,7650,Pennsylvania Cyber CS,"1,251",475,37.97%,402,32.13%,485,38.77%,10,0.80%,73,5.84%
,,,9999,Pennsylvania Cyber CS,2,0,0.00%,0,0.00%,0,0.00%,0,0.00%,0,0.00%
,127044103,Hopewell Area SD,0675,Hopewell SHS,139,84,60.43%,84,60.43%,91,65.47%,7,5.04%,0,0.00%
,,,9999,Hopewell Area SD,1,0,0.00%,0,0.00%,0,0.00%,0,0.00%,0,0.00%
,127045653,New Brighton Area SD,0695,New Brighton Area HS,105,61,58.10%,54,51.43%,64,60.95%,3,2.86%,7,6.67%
,127045853,Riverside Beaver County SD,0700,Riverside HS,119,81,68.07%,75,63.03%,81,68.07%,0,0.00%,6,5.04%
,127046903,Rochester Area SD,8000,Rochester High School,47,30,63.83%,23,48.94%,31,65.96%,1,2.13%,7,14.89%
,127047404,South Side Area SD,0714,South Side HS,85,57,67.06%,57,67.06%,58,68.24%,1,1.18%,0,0.00%
,127049303,Western Beaver County SD,0719,Western Beaver Co JSHS,56,32,57.14%,30,53.57%,36,64.29%,4,7.14%,2,3.57%
Bedford,108051003,Bedford Area SD,0726,Bedford SHS,147,62,42.18%,62,42.18%,68,46.26%,6,4.08%,0,0.00%
,108051503,Chestnut Ridge SD,0732,Chestnut Ridge SHS,110,74,67.27%,63,57.27%,81,73.64%,7,6.36%,11,10.00%
,108053003,Everett Area SD,7897,Everett Area HS,97,38,39.18%,38,39.18%,44,45.36%,6,6.19%,0,0.00%
,108056004,Northern Bedford County SD,8436,Northern Bedford County HS,67,40,59.70%,40,59.70%,41,61.19%,1,1.49%,0,0.00%
,,,9999,Northern Bedford County SD,1,0,0.00%,0,0.00%,0,0.00%,0,0.00%,0,0.00%
,108057079,HOPE for Hyndman CS,8154,HOPE for Hyndman CS,15,4,26.67%,3,20.00%,4,26.67%,0,0.00%,1,6.67%
,108058003,Tussey Mountain SD,0753,Tussey Mountain HS,70,29,41.43%,27,38.57%,30,42.86%,1,1.43%,2,2.86%
,,,9999,Tussey Mountain SD,2,0,0.00%,0,0.00%,0,0.00%,0,0.00%,0,0.00%
Berks,114060392,I-LEAD Charter School,8155,I-LEAD Charter School,93,23,24.73%,23,24.73%,28,30.11%,5,5.38%,0,0.00%
,114060503,Antietam SD,0820,Antietam MS/HS,67,45,67.16%,45,67.16%,46,68.66%,1,1.49%,0,0.00%
,,,9999,Antietam SD,1,0,0.00%,0,0.00%,0,0.00%,0,0.00%,0,0.00%
,114060753,Boyertown Area SD,6306,Boyertown Area SHS,480,334,69.58%,329,68.54%,341,71.04%,7,1.46%,5,1.04%
,,,9999,Boyertown Area SD,12,4,33.33%,4,33.33%,5,41.67%,1,8.33%,0,0.00%
,114060853,Brandywine Heights Area SD,6308,Brandywine Heights HS,112,74,66.07%,74,66.07%,74,66.07%,0,0.00%,0,0.00%
,114061103,Conrad Weiser Area SD,0777,Conrad Weiser HS,213,160,75.12%,153,71.83%,161,75.59%,1,0.47%,7,3.29%
,,,9999,Conrad Weiser Area SD,7,2,28.57%,2,28.57%,2,28.57%,0,0.00%,0,0.00%
,114061503,Daniel Boone Area SD,4810,Daniel Boone Area HS,257,189,73.54%,189,73.54%,194,75.49%,5,1.95%,0,0.00%
,,,9999,Daniel Boone Area SD,3,0,0.00%,0,0.00%,0,0.00%,0,0.00%,0,0.00%
,114062003,Exeter Township SD,0788,Exeter Twp SHS,323,205,63.47%,201,62.23%,210,65.02%,5,1.55%,4,1.24%
,,,9999,Exeter Township SD,4,1,25.00%,1,25.00%,1,25.00%,0,0.00%,0,0.00%
,114062503,Fleetwood Area SD,5023,Fleetwood SHS,206,149,72.33%,149,72.33%,149,72.33%,0,0.00%,0,0.00%
,,,9999,Fleetwood Area SD,2,1,50.00%,1,50.00%,1,50.00%,0,0.00%,0,0.00%
,114063003,Governor Mifflin SD,0802,Governor Mifflin SHS,300,202,67.33%,202,67.33%,210,70.00%,8,2.67%,0,0.00%
,114063503,Hamburg Area SD,0808,Hamburg Area HS,177,112,63.28%,103,58.19%,112,63.28%,0,0.00%,9,5.08%
,,,9999,Hamburg Area SD,5,0,0.00%,0,0.00%,0,0.00%,0,0.00%,0,0.00%
,114064003,Kutztown Area SD,0816,Kutztown Area SHS,101,66,65.35%,65,64.36%,69,68.32%,3,2.97%,1,0.99%
,,,9999,Kutztown Area SD,1,0,0.00%,0,0.00%,0,0.00%,0,0.00%,0,0.00%
,114065503,Muhlenberg SD,6610,Muhlenberg HS,302,216,71.52%,193,63.91%,216,71.52%,0,0.00%,23,7.62%
,,,9999,Muhlenberg SD,3,0,0.00%,0,0.00%,0,0.00%,0,0.00%,0,0.00%
,114066503,Oley Valley SD,6318,Oley Valley SHS,130,88,67.69%,88,67.69%,90,69.23%,2,1.54%,0,0.00%
,,,9999,Oley Valley SD,7,0,0.00%,0,0.00%,0,0.00%,0,0.00%,0,0.00%
,114067002,Reading SD,8116,Reading SHS,913,347,38.01%,311,34.06%,353,38.66%,6,0.66%,36,3.94%
,,,9999,Reading SD,6,0,0.00%,0,0.00%,0,0.00%,0,0.00%,0,0.00%
,114067503,Schuylkill Valley SD,0864,Schuylkill Valley HS,143,99,69.23%,99,69.23%,103,72.03%,4,2.80%,0,0.00%
,,,9999,Schuylkill Valley SD,4,0,0.00%,0,0.00%,0,0.00%,0,0.00%,0,0.00%
,114068003,Tulpehocken Area SD,4670,Tulpehocken JSHS,117,66,56.41%,66,56.41%,71,60.68%,5,4.27%,0,0.00%
,,,9999,Tulpehocken Area SD,2,0,0.00%,0,0.00%,0,0.00%,0,0.00%,0,0.00%
,114068103,Twin Valley SD,0873,Twin Valley HS,259,194,74.90%,180,69.50%,195,75.29%,1,0.39%,14,5.41%
,,,9999,Twin Valley SD,17,0,0.00%,0,0.00%,0,0.00%,0,0.00%,0,0.00%
,114069103,Wilson SD,6980,Wilson HS,456,255,55.92%,254,55.70%,258,56.58%,3,0.66%,1,0.22%
,,,9999,Wilson SD,1,0,0.00%,0,0.00%,0,0.00%,0,0.00%,0,0.00%
,114069353,Wyomissing Area SD,0887,Wyomissing Area JSHS,158,128,81.01%,127,80.38%,128,81.01%,0,0.00%,1,0.63%
,,,9999,Wyomissing Area SD,2,0,0.00%,0,0.00%,0,0.00%,0,0.00%,0,0.00%
Blair,108070001,Central PA Digital Learning Foundation C,7720,Central PA Digital Lrng Foundation CS,30,15,50.00%,15,50.00%,16,53.33%,1,3.33%,0,0.00%
,108070502,Altoona Area SD,0913,Altoona Area HS,482,271,56.22%,252,52.28%,287,59.54%,16,3.32%,19,3.94%
,108071003,Bellwood-Antis SD,0917,Bellwood-Antis HS,100,61,61.00%,61,61.00%,61,61.00%,0,0.00%,0,0.00%
,108071504,Claysburg-Kimmel SD,0921,Claysburg-Kimmel HS,61,28,45.90%,20,32.79%,28,45.90%,0,0.00%,8,13.11%
,108073503,Hollidaysburg Area SD,5207,Hollidaysburg Area SHS,267,166,62.17%,164,61.42%,172,64.42%,6,2.25%,2,0.75%
,,,9999,Hollidaysburg Area SD,4,0,0.00%,0,0.00%,0,0.00%,0,0.00%,0,0.00%
,108077503,Spring Cove SD,0941,Central HS,140,73,52.14%,70,50.00%,79,56.43%,6,4.29%,3,2.14%
,,,9999,Spring Cove SD,3,0,0.00%,0,0.00%,0,0.00%,0,0.00%,0,0.00%
,108078003,Tyrone Area SD,0949,Tyrone Area HS,127,85,66.93%,81,63.78%,87,68.50%,2,1.57%,4,3.15%
,108079004,Williamsburg Community SD,0951,Williamsburg Community JSHS,33,16,48.48%,16,48.48%,16,48.48%,0,0.00%,0,0.00%
Bradford,117080503,Athens Area SD,0958,Athens Area HS,147,70,47.62%,69,46.94%,70,47.62%,0,0.00%,1,0.68%
,117081003,Canton Area SD,0988,Canton JSHS,78,30,38.46%,30,38.46%,35,44.87%,5,6.41%,0,0.00%
,,,9999,Canton Area SD,1,0,0.00%,0,0.00%,0,0.00%,0,0.00%,0,0.00%
,117083004,Northeast Bradford SD,0964,Northeast Bradford JSHS,56,34,60.71%,34,60.71%,35,62.50%,1,1.79%,0,0.00%
,117086003,Sayre Area SD,0965,Sayre Area HS,65,42,64.62%,41,63.08%,44,67.69%,2,3.08%,1,1.54%
,117086503,Towanda Area SD,5208,Towanda Area JSHS,100,66,66.00%,61,61.00%,68,68.00%,2,2.00%,5,5.00%
,117086653,Troy Area SD,1000,Troy Area JSHS,100,57,57.00%,57,57.00%,58,58.00%,1,1.00%,0,0.00%
,117089003,Wyalusing Area SD,1005,Wyalusing Valley JSHS,85,48,56.47%,45,52.94%,50,58.82%,2,2.35%,3,3.53%
Bucks,122090001,Center for Student Learning CS at Pennsb,7726,Center for Student Lrng CS Pennsbury,25,5,20.00%,5,20.00%,7,28.00%,2,8.00%,0,0.00%
,122091002,Bensalem Township SD,5116,Bensalem Twp HS,465,283,60.86%,276,59.35%,290,62.37%,7,1.51%,7,1.51%
,,,9999,Bensalem Township SD,10,0,0.00%,0,0.00%,0,0.00%,0,0.00%,0,0.00%
,122091303,Bristol Borough SD,1014,Bristol HS,50,34,68.00%,34,68.00%,36,72.00%,2,4.00%,0,0.00%
,,,9999,Bristol Borough SD,6,0,0.00%,0,0.00%,0,0.00%,0,0.00%,0,0.00%
,122091352,Bristol Township SD,1029,Truman SHS,375,206,54.93%,206,54.93%,225,60.00%,19,5.07%,0,0.00%
,,,9999,Bristol Township SD,43,0,0.00%,0,0.00%,0,0.00%,0,0.00%,0,0.00%
,122091457,Bucks County Technical High School,1030,Bucks County Technical High School,341,188,55.13%,186,54.55%,207,60.70%,19,5.57%,2,0.59%
,122092002,Centennial SD,1040,William Tennent HS,389,301,77.38%,300,77.12%,307,78.92%,6,1.54%,1,0.26%
,,,9999,Centennial SD,9,0,0.00%,0,0.00%,0,0.00%,0,0.00%,0,0.00%
,122092102,Central Bucks SD,1043,Central Bucks HS-West,488,420,86.07%,419,85.86%,422,86.48%,2,0.41%,1,0.20%
,,,5133,Central Bucks HS-East,490,451,92.04%,451,92.04%,453,92.45%,2,0.41%,0,0.00%
,,,7790,Central Bucks HS-South,559,491,87.84%,490,87.66%,495,88.55%,4,0.72%,1,0.18%
,,,9999,Central Bucks SD,11,0,0.00%,0,0.00%,0,0.00%,0,0.00%,0,0.00%
,122092353,Council Rock SD,5096,Council Rock HS North,387,347,89.66%,345,89.15%,352,90.96%,5,1.29%,2,0.52%
,,,7749,Council Rock HS South,495,436,88.08%,435,87.88%,439,88.69%,3,0.61%,1,0.20%
,,,9999,Council Rock SD,4,1,25.00%,1,25.00%,1,25.00%,0,0.00%,0,0.00%
,122093140,School Lane CS,7568,School Lane CS,59,44,74.58%,44,74.58%,48,81.36%,4,6.78%,0,0.00%
,,,9999,School Lane CS,1,1,100.00%,1,100.00%,1,100.00%,0,0.00%,0,0.00%
,122097203,Morrisville Borough SD,8381,Morrisville HS,54,35,64.81%,34,62.96%,36,66.67%,1,1.85%,1,1.85%
,,,9999,Morrisville Borough SD,3,0,0.00%,0,0.00%,0,0.00%,0,0.00%,0,0.00%
,122097502,Neshaminy SD,6455,Neshaminy HS,626,512,81.79%,512,81.79%,543,86.74%,31,4.95%,0,0.00%
,,,9999,Neshaminy SD,9,3,33.33%,3,33.33%,3,33.33%,0,0.00%,0,0.00%
,122097604,New Hope-Solebury SD,1084,New Hope-Solebury HS,100,95,95.00%,95,95.00%,95,95.00%,0,0.00%,0,0.00%
,122098003,Palisades SD,1094,Palisades HS,141,114,80.85%,114,80.85%,117,82.98%,3,2.13%,0,0.00%
,,,9999,Palisades SD,3,0,0.00%,0,0.00%,0,0.00%,0,0.00%,0,0.00%
,122098103,Pennridge SD,1100,Pennridge HS,521,368,70.63%,366,70.25%,374,71.79%,6,1.15%,2,0.38%
,,,9999,Pennridge SD,10,1,10.00%,1,10.00%,1,10.00%,0,0.00%,0,0.00%
,122098202,Pennsbury SD,4682,Pennsbury HS,749,575,76.77%,573,76.50%,587,78.37%,12,1.60%,2,0.27%
,,,9999,Pennsbury SD,13,0,0.00%,0,0.00%,0,0.00%,0,0.00%,0,0.00%
,122098403,Quakertown Community SD,1128,Quakertown Community HS,416,302,72.60%,300,72.12%,305,73.32%,3,0.72%,2,0.48%
Butler,104101252,Butler Area SD,8344,Butler Area SHS,429,357,83.22%,352,82.05%,363,84.62%,6,1.40%,5,1.17%
,,,9999,Butler Area SD,15,0,0.00%,0,0.00%,0,0.00%,0,0.00%,0,0.00%
,104103603,Karns City Area SD,1154,Karns City HS,82,55,67.07%,51,62.20%,60,73.17%,5,6.10%,4,4.88%
,,,9999,Karns City Area SD,6,0,0.00%,0,0.00%,0,0.00%,0,0.00%,0,0.00%
,104105003,Mars Area SD,1159,Mars Area SHS,245,218,88.98%,218,88.98%,219,89.39%,1,0.41%,0,0.00%
,,,9999,Mars Area SD,1,0,0.00%,0,0.00%,0,0.00%,0,0.00%,0,0.00%
,104105353,Moniteau SD,1164,Moniteau JSHS,84,51,60.71%,43,51.19%,54,64.29%,3,3.57%,8,9.52%
,104107503,Slippery Rock Area SD,1172,Slippery Rock Area HS,164,89,54.27%,89,54.27%,91,55.49%,2,1.22%,0,0.00%
,,,9999,Slippery Rock Area SD,2,0,0.00%,0,0.00%,0,0.00%,0,0.00%,0,0.00%
,104107803,South Butler County SD,1177,Knoch HS,216,82,37.96%,82,37.96%,82,37.96%,0,0.00%,0,0.00%
,104107903,Seneca Valley SD,8318,Seneca Valley HS,564,506,89.72%,476,84.40%,510,90.43%,4,0.71%,30,5.32%
,,,9999,Seneca Valley SD,8,1,12.50%,1,12.50%,4,50.00%,3,37.50%,0,0.00%
Cambria,108110603,Blacklick Valley SD,5135,Blacklick Valley JSHS,41,27,65.85%,23,56.10%,27,65.85%,0,0.00%,4,9.76%
,,,9999,Blacklick Valley SD,1,0,0.00%,0,0.00%,0,0.00%,0,0.00%,0,0.00%
,108111203,Cambria Heights SD,5212,Cambria Heights SHS,106,75,70.75%,68,64.15%,77,72.64%,2,1.89%,7,6.60%
,108111303,Central Cambria SD,1208,Central Cambria HS,132,89,67.42%,88,66.67%,92,69.70%,3,2.27%,1,0.76%
,,,9999,Central Cambria SD,4,0,0.00%,0,0.00%,0,0.00%,0,0.00%,0,0.00%
,108111403,Conemaugh Valley SD,5136,Conemaugh Valley JSHS,42,22,52.38%,21,50.00%,26,61.90%,4,9.52%,1,2.38%
,108112003,Ferndale Area SD,1225,Ferndale Area JSHS,45,6,13.33%,6,13.33%,6,13.33%,0,0.00%,0,0.00%
,108112203,Forest Hills SD,8382,Forest Hills JSHS,123,76,61.79%,60,48.78%,78,63.41%,2,1.63%,16,13.01%
,108112502,Greater Johnstown SD,1251,Greater Johnstown SHS,171,87,50.88%,83,48.54%,88,51.46%,1,0.58%,4,2.34%
,,,8314,Greater Johnstown School District's Cybe,8,0,0.00%,0,0.00%,0,0.00%,0,0.00%,0,0.00%
,,,9999,Greater Johnstown SD,1,0,0.00%,0,0.00%,0,0.00%,0,0.00%,0,0.00%
,108114503,Northern Cambria SD,6201,Northern Cambria HS,81,58,71.60%,53,65.43%,63,77.78%,5,6.17%,5,6.17%
,108116003,Penn Cambria SD,1213,Penn Cambria HS,121,70,57.85%,69,57.02%,81,66.94%,11,9.09%,1,0.83%
,,,9999,Penn Cambria SD,3,0,0.00%,0,0.00%,0,0.00%,0,0.00%,0,0.00%
,108116303,Portage Area SD,1270,Portage Area JSHS,63,41,65.08%,36,57.14%,41,65.08%,0,0.00%,5,7.94%
,108116503,Richland SD,7941,Richland HS,129,96,74.42%,87,67.44%,98,75.97%,2,1.55%,9,6.98%
,,,9999,Richland SD,1,0,0.00%,0,0.00%,0,0.00%,0,0.00%,0,0.00%
,108118503,Westmont Hilltop SD,8379,Westmont Hilltop JSHS,125,95,76.00%,95,76.00%,95,76.00%,0,0.00%,0,0.00%
Cameron,109122703,Cameron County SD,1299,Cameron County JSHS,42,16,38.10%,14,33.33%,17,40.48%,1,2.38%,2,4.76%
Carbon,121131507,Carbon Career & Technical Institute,4870,Carbon Career & Technical Institute,106,29,27.36%,28,26.42%,33,31.13%,4,3.77%,1,0.94%
,121135003,Jim Thorpe Area SD,1307,Jim Thorpe Area HS,126,100,79.37%,97,76.98%,105,83.33%,5,3.97%,3,2.38%
,,,9999,Jim Thorpe Area SD,3,0,0.00%,0,0.00%,0,0.00%,0,0.00%,0,0.00%
,121135503,Lehighton Area SD,1315,Lehighton Area HS,157,100,63.69%,96,61.15%,100,63.69%,0,0.00%,4,2.55%
,,,9999,Lehighton Area SD,4,0,0.00%,0,0.00%,0,0.00%,0,0.00%,0,0.00%
,121136503,Palmerton Area SD,4734,Palmerton Area HS,119,94,78.99%,94,78.99%,94,78.99%,0,0.00%,0,0.00%
,,,9999,Palmerton Area SD,7,0,0.00%,0,0.00%,0,0.00%,0,0.00%,0,0.00%
,121136603,Panther Valley SD,8348,Panther Valley JSHS,77,46,59.74%,45,58.44%,47,61.04%,1,1.30%,1,1.30%
,121139004,Weatherly Area SD,1327,Weatherly Area SHS,51,27,52.94%,27,52.94%,27,52.94%,0,0.00%,0,0.00%
,,,9999,Weatherly Area SD,3,0,0.00%,0,0.00%,0,0.00%,0,0.00%,0,0.00%
Centre,110141003,Bald Eagle Area SD,1335,Bald Eagle Area JSHS,127,58,45.67%,58,45.67%,65,51.18%,7,5.51%,0,0.00%
,,,9999,Bald Eagle Area SD,1,0,0.00%,0,0.00%,0,0.00%,0,0.00%,0,0.00%
,110141103,Bellefonte Area SD,1343,Bellefonte Area HS,190,121,63.68%,119,62.63%,122,64.21%,1,0.53%,2,1.05%
,110147003,Penns Valley Area SD,6231,Penns Valley Area JSHS,96,61,63.54%,55,57.29%,61,63.54%,0,0.00%,6,6.25%
,110148002,State College Area SD,1364,State College Area HS,552,456,82.61%,451,81.70%,457,82.79%,1,0.18%,5,0.91%
Chester,124150002,21st Century Cyber CS,7691,21st Century Cyber CS,260,116,44.62%,116,44.62%,137,52.69%,21,8.08%,0,0.00%
,124150003,Avon Grove CS,7721,Avon Grove CS,87,69,79.31%,69,79.31%,70,80.46%,1,1.15%,0,0.00%
,,,9999,Avon Grove CS,2,0,0.00%,0,0.00%,0,0.00%,0,0.00%,0,0.00%
,124150004,Pennsylvania Leadership CS,7819,Pennsylvania Leadership CS,337,228,67.66%,209,62.02%,240,71.22%,12,3.56%,19,5.64%
,124150503,Avon Grove SD,1367,Avon Grove HS,424,89,20.99%,84,19.81%,90,21.23%,1,0.24%,5,1.18%
,,,9999,Avon Grove SD,1,0,0.00%,0,0.00%,0,0.00%,0,0.00%,0,0.00%
,124151902,Coatesville Area SD,5012,Coatesville Area SHS,412,253,61.41%,243,58.98%,286,69.42%,33,8.01%,10,2.43%
,,,8415,Coatesville Area SD Cyber Academy,32,10,31.25%,10,31.25%,12,37.50%,2,6.25%,0,0.00%
,,,9999,Coatesville Area SD,28,0,0.00%,0,0.00%,0,0.00%,0,0.00%,0,0.00%
,124152003,Downingtown Area SD,1387,Downingtown HS West Campus,384,283,73.70%,283,73.70%,289,75.26%,6,1.56%,0,0.00%
,,,7759,Downingtown HS East Campus,429,309,72.03%,309,72.03%,312,72.73%,3,0.70%,0,0.00%
,,,8174,Downingtown STEM Academy,206,205,99.51%,205,99.51%,205,99.51%,0,0.00%,0,0.00%
,,,9999,Downingtown Area SD,3,0,0.00%,0,0.00%,0,0.00%,0,0.00%,0,0.00%
,124152637,Insight PA Cyber CS,8394,Insight PA Cyber CS,85,0,0.00%,0,0.00%,0,0.00%,0,0.00%,0,0.00%
,124153320,Collegium CS,7628,Collegium CS,101,83,82.18%,83,82.18%,88,87.13%,5,4.95%,0,0.00%
,,,9999,Collegium CS,2,1,50.00%,1,50.00%,1,50.00%,0,0.00%,0,0.00%
,124153350,Renaissance Academy CS,7636,Renaissance Academy CS,72,68,94.44%,66,91.67%,68,94.44%,0,0.00%,2,2.78%
,124153503,Great Valley SD,1424,Great Valley HS,291,263,90.38%,263,90.38%,264,90.72%,1,0.34%,0,0.00%
,,,9999,Great Valley SD,18,0,0.00%,0,0.00%,0,0.00%,0,0.00%,0,0.00%
,124154003,Kennett Consolidated SD,6482,Kennett HS,324,239,73.77%,237,73.15%,244,75.31%,5,1.54%,2,0.62%
,,,9999,Kennett Consolidated SD,8,0,0.00%,0,0.00%,0,0.00%,0,0.00%,0,0.00%
,124156503,Octorara Area SD,1414,Octorara Area JSHS,202,111,54.95%,110,54.46%,116,57.43%,5,2.48%,1,0.50%
,,,9999,Octorara Area SD,11,0,0.00%,0,0.00%,0,0.00%,0,0.00%,0,0.00%
,124156603,Owen J Roberts SD,1406,Owen J Roberts HS,393,330,83.97%,322,81.93%,335,85.24%,5,1.27%,8,2.04%
,,,9999,Owen J Roberts SD,30,5,16.67%,5,16.67%,6,20.00%,1,3.33%,0,0.00%
,124156703,Oxford Area SD,1420,Oxford Area HS,316,202,63.92%,183,57.91%,207,65.51%,5,1.58%,19,6.01%
,,,9999,Oxford Area SD,4,0,0.00%,0,0.00%,0,0.00%,0,0.00%,0,0.00%
,124157203,Phoenixville Area SD,1426,Phoenixville Area HS,234,191,81.62%,189,80.77%,199,85.04%,8,3.42%,2,0.85%
,,,9999,Phoenixville Area SD,9,1,11.11%,1,11.11%,1,11.11%,0,0.00%,0,0.00%
,124157802,Tredyffrin-Easttown SD,1423,Conestoga SHS,554,533,96.21%,533,96.21%,534,96.39%,1,0.18%,0,0.00%
,,,9999,Tredyffrin-Easttown SD,21,5,23.81%,5,23.81%,5,23.81%,0,0.00%,0,0.00%
,124158503,Unionville-Chadds Ford SD,1443,Unionville HS,307,273,88.93%,273,88.93%,275,89.58%,2,0.65%,0,0.00%
,,,9999,Unionville-Chadds Ford SD,2,0,0.00%,0,0.00%,0,0.00%,0,0.00%,0,0.00%
,124159002,West Chester Area SD,1453,West Chester Henderson HS,287,258,89.90%,256,89.20%,259,90.24%,1,0.35%,2,0.70%
,,,6734,West Chester East HS,286,260,90.91%,254,88.81%,260,90.91%,0,0.00%,6,2.10%
,,,7894,West Chester Bayard Rustin HS,317,285,89.91%,284,89.59%,288,90.85%,3,0.95%,1,0.32%
,,,9999,West Chester Area SD,40,3,7.50%,3,7.50%,4,10.00%,1,2.50%,0,0.00%
,125230001,Achievement House CS,7824,Achievement House CS,106,37,34.91%,33,31.13%,44,41.51%,7,6.60%,4,3.77%
Clarion,106160303,Allegheny-Clarion Valley SD,4664,Allegheny-Clarion Valley HS,46,26,56.52%,25,54.35%,28,60.87%,2,4.35%,1,2.17%
,,,9999,Allegheny-Clarion Valley SD,16,0,0.00%,0,0.00%,0,0.00%,0,0.00%,0,0.00%
,106161203,Clarion Area SD,1475,Clarion Area JSHS,53,35,66.04%,34,64.15%,35,66.04%,0,0.00%,1,1.89%
,,,9999,Clarion Area SD,2,0,0.00%,0,0.00%,0,0.00%,0,0.00%,0,0.00%
,106161703,Clarion-Limestone Area SD,1480,Clarion-Limestone Area JSHS,58,37,63.79%,34,58.62%,41,70.69%,4,6.90%,3,5.17%
,106166503,Keystone SD,1486,Keystone JSHS,71,33,46.48%,33,46.48%,38,53.52%,5,7.04%,0,0.00%
,,,9999,Keystone SD,3,0,0.00%,0,0.00%,0,0.00%,0,0.00%,0,0.00%
,106167504,North Clarion County SD,1489,North Clarion Co JSHS,46,28,60.87%,28,60.87%,28,60.87%,0,0.00%,0,0.00%
,,,9999,North Clarion County SD,1,0,0.00%,0,0.00%,0,0.00%,0,0.00%,0,0.00%
,106168003,Redbank Valley SD,1495,Redbank Valley HS,61,0,0.00%,0,0.00%,0,0.00%,0,0.00%,0,0.00%
,106169003,Union SD,1501,Union HS,26,18,69.23%,15,57.69%,18,69.23%,0,0.00%,3,11.54%
,,,9999,Union SD,2,0,0.00%,0,0.00%,0,0.00%,0,0.00%,0,0.00%
Clearfield,106172003,Dubois Area SD,6156,Dubois Area SHS,244,139,56.97%,131,53.69%,141,57.79%,2,0.82%,8,3.28%
,,,9999,Dubois Area SD,3,0,0.00%,0,0.00%,0,0.00%,0,0.00%,0,0.00%
,110171003,Clearfield Area SD,6236,Clearfield Area JSHS,145,64,44.14%,60,41.38%,64,44.14%,0,0.00%,4,2.76%
,,,9999,Clearfield Area SD,1,0,0.00%,0,0.00%,0,0.00%,0,0.00%,0,0.00%
,110171803,Curwensville Area SD,1529,Curwensville Area JSHS,70,42,60.00%,38,54.29%,46,65.71%,4,5.71%,4,5.71%
,110173003,Glendale SD,5219,Glendale JSHS,53,30,56.60%,30,56.60%,30,56.60%,0,0.00%,0,0.00%
,110173504,Harmony Area SD,8316,Harmony Area JSHS,25,18,72.00%,14,56.00%,18,72.00%,0,0.00%,4,16.00%
,110175003,Moshannon Valley SD,1550,Moshannon Valley JSHS,72,42,58.33%,42,58.33%,46,63.89%,4,5.56%,0,0.00%
,,,9999,Moshannon Valley SD,1,0,0.00%,0,0.00%,0,0.00%,0,0.00%,0,0.00%
,110177003,Philipsburg-Osceola Area SD,1560,Philipsburg-Osceola Area HS,111,49,44.14%,48,43.24%,49,44.14%,0,0.00%,1,0.90%
,110179003,West Branch Area SD,1566,West Branch Area HS,59,29,49.15%,25,42.37%,30,50.85%,1,1.69%,4,6.78%
Clinton,101833400,Sugar Valley Rural CS,7635,Sugar Valley Rural CS,37,13,35.14%,13,35.14%,13,35.14%,0,0.00%,0,0.00%
,110183602,Keystone Central SD,6241,Bucktail HS,27,16,59.26%,14,51.85%,16,59.26%,0,0.00%,2,7.41%
,,,7589,Central Mountain HS,232,134,57.76%,120,51.72%,142,61.21%,8,3.45%,14,6.03%
Columbia,116191004,Benton Area SD,8434,Benton Area HS,55,33,60.00%,29,52.73%,33,60.00%,0,0.00%,4,7.27%
,,,9999,Benton Area SD,4,0,0.00%,0,0.00%,0,0.00%,0,0.00%,0,0.00%
,116191103,Berwick Area SD,1605,Berwick Area HS,173,108,62.43%,106,61.27%,111,64.16%,3,1.73%,2,1.16%
,,,9999,Berwick Area SD,9,0,0.00%,0,0.00%,0,0.00%,0,0.00%,0,0.00%
,116191203,Bloomsburg Area SD,1612,Bloomsburg Area HS,87,60,68.97%,60,68.97%,60,68.97%,0,0.00%,0,0.00%
,116191503,Central Columbia SD,1619,Central Columbia SHS,127,95,74.80%,94,74.02%,99,77.95%,4,3.15%,1,0.79%
,,,9999,Central Columbia SD,5,0,0.00%,0,0.00%,0,0.00%,0,0.00%,0,0.00%
,116191757,Columbia-Montour AVTS,5178,Columbia-Montour AVTS,142,55,38.73%,49,34.51%,57,40.14%,2,1.41%,6,4.23%
,116195004,Millville Area SD,1623,Millville Area JSHS,57,34,59.65%,29,50.88%,35,61.40%,1,1.75%,5,8.77%
,116197503,Southern Columbia Area SD,1627,Southern Columbia HS,106,82,77.36%,82,77.36%,84,79.25%,2,1.89%,0,0.00%
,116493130,Susq-Cyber CS,7567,Susq-Cyber CS,18,14,77.78%,11,61.11%,14,77.78%,0,0.00%,3,16.67%
Crawford,105201033,Conneaut SD,8224,Conneaut Area Senior High,149,71,47.65%,66,44.30%,79,53.02%,8,5.37%,5,3.36%
,,,9999,Conneaut SD,3,0,0.00%,0,0.00%,0,0.00%,0,0.00%,0,0.00%
,105201352,Crawford Central SD,1632,Cochranton JSHS,65,26,40.00%,25,38.46%,28,43.08%,2,3.08%,1,1.54%
,,,1654,Meadville Area SHS,203,119,58.62%,118,58.13%,136,67.00%,17,8.37%,1,0.49%
,,,9999,Crawford Central SD,2,0,0.00%,0,0.00%,1,50.00%,1,50.00%,0,0.00%
,105204703,Penncrest SD,1629,Cambridge Springs JSHS,66,36,54.55%,36,54.55%,36,54.55%,0,0.00%,0,0.00%
,,,6136,Saegertown JSHS,70,41,58.57%,38,54.29%,46,65.71%,5,7.14%,3,4.29%
,,,6942,Maplewood JSHS,75,39,52.00%,38,50.67%,45,60.00%,6,8.00%,1,1.33%
,,,9999,Penncrest SD,1,0,0.00%,0,0.00%,1,100.00%,1,100.00%,0,0.00%
Cumberland,115210503,Big Spring SD,1677,Big Spring HS,200,102,51.00%,96,48.00%,102,51.00%,0,0.00%,6,3.00%
,,,9999,Big Spring SD,1,0,0.00%,0,0.00%,0,0.00%,0,0.00%,0,0.00%
,115211003,Camp Hill SD,1682,Camp Hill SHS,99,80,80.81%,80,80.81%,80,80.81%,0,0.00%,0,0.00%
,115211103,Carlisle Area SD,1694,Carlisle Area HS,367,247,67.30%,242,65.94%,250,68.12%,3,0.82%,5,1.36%
,,,9999,Carlisle Area SD,3,0,0.00%,0,0.00%,0,0.00%,0,0.00%,0,0.00%
,115211603,Cumberland Valley SD,1701,Cumberland Valley HS,647,445,68.78%,444,68.62%,445,68.78%,0,0.00%,1,0.15%
,,,9999,Cumberland Valley SD,4,1,25.00%,1,25.00%,1,25.00%,0,0.00%,0,0.00%
,115212503,East Pennsboro Area SD,1707,East Pennsboro Area SHS,181,109,60.22%,109,60.22%,109,60.22%,0,0.00%,0,0.00%
,,,9999,East Pennsboro Area SD,1,0,0.00%,0,0.00%,0,0.00%,0,0.00%,0,0.00%
,115216503,Mechanicsburg Area SD,5098,Mechanicsburg Area SHS,271,196,72.32%,195,71.96%,203,74.91%,7,2.58%,1,0.37%
,,,9999,Mechanicsburg Area SD,2,0,0.00%,0,0.00%,0,0.00%,0,0.00%,0,0.00%
,115218003,Shippensburg Area SD,5221,Shippensburg Area SHS,261,129,49.43%,122,46.74%,133,50.96%,4,1.53%,7,2.68%
,115218303,South Middleton SD,6328,Boiling Springs HS,149,92,61.74%,87,58.39%,93,62.42%,1,0.67%,5,3.36%
,,,9999,South Middleton SD,2,0,0.00%,0,0.00%,0,0.00%,0,0.00%,0,0.00%
Dauphin,115220002,Commonwealth Charter Academy CS,7774,Commonwealth Charter Academy CS,998,328,32.87%,317,31.76%,408,40.88%,80,8.02%,11,1.10%
,115221402,Central Dauphin SD,1745,Central Dauphin SHS,432,310,71.76%,301,69.68%,311,71.99%,1,0.23%,9,2.08%
,,,1746,Central Dauphin East SHS,373,5,1.34%,5,1.34%,5,1.34%,0,0.00%,0,0.00%
,,,9999,Central Dauphin SD,2,0,0.00%,0,0.00%,0,0.00%,0,0.00%,0,0.00%
,115221607,Dauphin County Technical School,5278,Dauphin County Technical School,239,118,49.37%,110,46.03%,121,50.63%,3,1.26%,8,3.35%
,115221753,Derry Township SD,4801,Hershey HS,295,227,76.95%,220,74.58%,227,76.95%,0,0.00%,7,2.37%
,,,9999,Derry Township SD,2,1,50.00%,0,0.00%,1,50.00%,0,0.00%,1,50.00%
,115222504,Halifax Area SD,6330,Halifax Area HS,63,40,63.49%,40,63.49%,40,63.49%,0,0.00%,0,0.00%
,115222752,Harrisburg City SD,6333,Harrisburg HS,197,114,57.87%,114,57.87%,114,57.87%,0,0.00%,0,0.00%
,,,7902,Harrisburg HS - SciTech Cmp,67,66,98.51%,66,98.51%,66,98.51%,0,0.00%,0,0.00%
,,,8376,Cougar Academy,21,17,80.95%,17,80.95%,17,80.95%,0,0.00%,0,0.00%
,,,9999,Harrisburg City SD,30,1,3.33%,1,3.33%,1,3.33%,0,0.00%,0,0.00%
,115224003,Lower Dauphin SD,1776,Lower Dauphin HS,260,181,69.62%,179,68.85%,183,70.38%,2,0.77%,2,0.77%
,,,7844,Price,1,0,0.00%,0,0.00%,0,0.00%,0,0.00%,0,0.00%
,,,9999,Lower Dauphin SD,3,0,0.00%,0,0.00%,0,0.00%,0,0.00%,0,0.00%
,115226003,Middletown Area SD,1790,Middletown Area HS,183,121,66.12%,108,59.02%,130,71.04%,9,4.92%,13,7.10%
,115226103,Millersburg Area SD,1794,Millersburg Area SHS,38,27,71.05%,26,68.42%,27,71.05%,0,0.00%,1,2.63%
,115227010,Capital Area School for the Arts CS,8278,Capital Area School for the Arts Charter,47,40,85.11%,40,85.11%,40,85.11%,0,0.00%,0,0.00%
,115227871,Reach Cyber CS,8366,Reach Cyber CS,458,149,32.53%,123,26.86%,153,33.41%,4,0.87%,26,5.68%
,115228003,Steelton-Highspire SD,1801,Steelton-Highspire HS,55,35,63.64%,33,60.00%,40,72.73%,5,9.09%,2,3.64%
,,,9999,Steelton-Highspire SD,2,1,50.00%,1,50.00%,1,50.00%,0,0.00%,0,0.00%
,115228303,Susquehanna Township SD,1806,Susquehanna Twp HS,191,145,75.92%,144,75.39%,148,77.49%,3,1.57%,1,0.52%
,,,9999,Susquehanna Township SD,10,1,10.00%,0,0.00%,1,10.00%,0,0.00%,1,10.00%
,115229003,Upper Dauphin Area SD,6340,Upper Dauphin Area HS,77,42,54.55%,42,54.55%,42,54.55%,0,0.00%,0,0.00%
Delaware,125231232,Chester-Upland SD,6492,Chester HS,173,79,45.66%,79,45.66%,80,46.24%,1,0.58%,0,0.00%
,,,8303,STEM at Showalter,78,56,71.79%,56,71.79%,56,71.79%,0,0.00%,0,0.00%
,,,9999,Chester-Upland SD,10,0,0.00%,0,0.00%,0,0.00%,0,0.00%,0,0.00%
,125231303,Chichester SD,1849,Chichester SHS,228,141,61.84%,133,58.33%,152,66.67%,11,4.82%,8,3.51%
,,,9999,Chichester SD,11,0,0.00%,0,0.00%,0,0.00%,0,0.00%,0,0.00%
,125234103,Garnet Valley SD,1869,Garnet Valley HS,391,364,93.09%,364,93.09%,364,93.09%,0,0.00%,0,0.00%
,,,9999,Garnet Valley SD,2,0,0.00%,0,0.00%,0,0.00%,0,0.00%,0,0.00%
,125234502,Haverford Township SD,1879,Haverford SHS,440,397,90.23%,394,89.55%,399,90.68%,2,0.45%,3,0.68%
,,,9999,Haverford Township SD,4,0,0.00%,0,0.00%,0,0.00%,0,0.00%,0,0.00%
,125235103,Interboro SD,1885,Interboro SHS,232,136,58.62%,133,57.33%,139,59.91%,3,1.29%,3,1.29%
,,,9999,Interboro SD,4,0,0.00%,0,0.00%,0,0.00%,0,0.00%,0,0.00%
,125235502,Marple Newtown SD,1902,Marple Newtown SHS,266,242,90.98%,240,90.23%,243,91.35%,1,0.38%,2,0.75%
,,,9999,Marple Newtown SD,9,0,0.00%,0,0.00%,0,0.00%,0,0.00%,0,0.00%
,125236827,Chester Charter Scholars Academy CS,8258,Chester Charter Scholars Academy CS,46,36,78.26%,30,65.22%,39,84.78%,3,6.52%,6,13.04%
,125236903,Penn-Delco SD,1915,Sun Valley HS,244,200,81.97%,199,81.56%,201,82.38%,1,0.41%,1,0.41%
,,,9999,Penn-Delco SD,1,0,0.00%,0,0.00%,0,0.00%,0,0.00%,0,0.00%
,125237603,Radnor Township SD,1921,Radnor SHS,313,264,84.35%,264,84.35%,264,84.35%,0,0.00%,0,0.00%
,,,9999,Radnor Township SD,3,0,0.00%,0,0.00%,0,0.00%,0,0.00%,0,0.00%
,125237702,Ridley SD,1934,Ridley HS,420,338,80.48%,297,70.71%,339,80.71%,1,0.24%,41,9.76%
,,,9999,Ridley SD,7,0,0.00%,0,0.00%,0,0.00%,0,0.00%,0,0.00%
,125237903,Rose Tree Media SD,1942,Penncrest HS,277,198,71.48%,197,71.12%,201,72.56%,3,1.08%,1,0.36%
,,,9999,Rose Tree Media SD,3,0,0.00%,0,0.00%,0,0.00%,0,0.00%,0,0.00%
,125238402,Southeast Delco SD,6516,Academy Park HS,273,0,0.00%,0,0.00%,0,0.00%,0,0.00%,0,0.00%
,,,9999,Southeast Delco SD,1,0,0.00%,0,0.00%,0,0.00%,0,0.00%,0,0.00%
,125238502,Springfield SD,1950,Springfield HS,316,276,87.34%,269,85.13%,284,89.87%,8,2.53%,7,2.22%
,,,9999,Springfield SD,3,2,66.67%,2,66.67%,2,66.67%,0,0.00%,0,0.00%
,125239452,Upper Darby SD,1972,Upper Darby SHS,847,502,59.27%,502,59.27%,533,62.93%,31,3.66%,0,0.00%
,,,9999,Upper Darby SD,23,0,0.00%,0,0.00%,0,0.00%,0,0.00%,0,0.00%
,125239603,Wallingford-Swarthmore SD,5287,Strath Haven HS,243,217,89.30%,216,88.89%,218,89.71%,1,0.41%,1,0.41%
,125239652,William Penn SD,8231,Penn Wood HS,329,215,65.35%,196,59.57%,215,65.35%,0,0.00%,19,5.78%
,,,9999,William Penn SD,12,0,0.00%,0,0.00%,0,0.00%,0,0.00%,0,0.00%
Elk,109243503,Johnsonburg Area SD,6218,Johnsonburg Area HS,47,30,63.83%,30,63.83%,32,68.09%,2,4.26%,0,0.00%
,,,9999,Johnsonburg Area SD,1,0,0.00%,0,0.00%,0,0.00%,0,0.00%,0,0.00%
,109246003,Ridgway Area SD,1989,Ridgway Area HS,63,31,49.21%,31,49.21%,31,49.21%,0,0.00%,0,0.00%
,109248003,Saint Marys Area SD,5169,St Marys Area SHS,168,91,54.17%,91,54.17%,96,57.14%,5,2.98%,0,0.00%
Erie,105250001,Perseus House CS of Excellence,7770,Perseus House CS of Excellence,87,50,57.47%,33,37.93%,56,64.37%,6,6.90%,17,19.54%
,105251453,Corry Area SD,1998,Corry Area HS,156,71,45.51%,71,45.51%,83,53.21%,12,7.69%,0,0.00%
,,,9999,Corry Area SD,1,0,0.00%,0,0.00%,0,0.00%,0,0.00%,0,0.00%
,105252602,Erie City SD,7515,Northwest PA Collegiate Academy,192,165,85.94%,165,85.94%,170,88.54%,5,2.60%,0,0.00%
,,,8417,Erie HS,461,161,34.92%,161,34.92%,161,34.92%,0,0.00%,0,0.00%
,,,9999,Erie City SD,2,0,0.00%,0,0.00%,0,0.00%,0,0.00%,0,0.00%
,105253303,Fairview SD,6737,Fairview HS,140,93,66.43%,93,66.43%,94,67.14%,1,0.71%,0,0.00%
,105253553,Fort LeBoeuf SD,2037,Fort LeBoeuf SHS,166,104,62.65%,103,62.05%,112,67.47%,8,4.82%,1,0.60%
,,,9999,Fort LeBoeuf SD,2,0,0.00%,0,0.00%,0,0.00%,0,0.00%,0,0.00%
,105253903,General McLane SD,2040,General McLane HS,158,95,60.13%,95,60.13%,95,60.13%,0,0.00%,0,0.00%
,,,9999,General McLane SD,1,0,0.00%,0,0.00%,0,0.00%,0,0.00%,0,0.00%
,105254053,Girard SD,2043,Girard HS,106,44,41.51%,43,40.57%,45,42.45%,1,0.94%,1,0.94%
,,,9999,Girard SD,1,0,0.00%,0,0.00%,0,0.00%,0,0.00%,0,0.00%
,105254353,Harbor Creek SD,7948,Harbor Creek Senior HS,180,116,64.44%,112,62.22%,116,64.44%,0,0.00%,4,2.22%
,105256553,Iroquois SD,4817,Iroquois JSHS,92,47,51.09%,44,47.83%,47,51.09%,0,0.00%,3,3.26%
,105257602,Millcreek Township SD,8071,McDowell HS,458,285,62.23%,275,60.04%,299,65.28%,14,3.06%,10,2.18%
,,,9999,Millcreek Township SD,1,0,0.00%,0,0.00%,0,0.00%,0,0.00%,0,0.00%
,105258303,North East SD,6145,North East HS,108,57,52.78%,57,52.78%,60,55.56%,3,2.78%,0,0.00%
,,,9999,North East SD,3,0,0.00%,0,0.00%,0,0.00%,0,0.00%,0,0.00%
,105258503,Northwestern SD,6745,Northwestern SHS,111,15,13.51%,15,13.51%,20,18.02%,5,4.50%,0,0.00%
,105259103,Union City Area SD,2075,Union City HS,75,37,49.33%,36,48.00%,37,49.33%,0,0.00%,1,1.33%
,105259703,Wattsburg Area SD,6148,Seneca HS,93,36,38.71%,34,36.56%,40,43.01%,4,4.30%,2,2.15%
Fayette,101260303,Albert Gallatin Area SD,6001,Albert Gallatin Area SHS,245,96,39.18%,95,38.78%,118,48.16%,22,8.98%,1,0.41%
,101260803,Brownsville Area SD,4818,Brownsville Area HS,97,61,62.89%,53,54.64%,62,63.92%,1,1.03%,8,8.25%
,101261302,Connellsville Area SD,5228,Connellsville Area SHS,270,145,53.70%,144,53.33%,150,55.56%,5,1.85%,1,0.37%
,,,9999,Connellsville Area SD,9,0,0.00%,0,0.00%,0,0.00%,0,0.00%,0,0.00%
,101262903,Frazier SD,2126,Frazier HS,85,56,65.88%,56,65.88%,56,65.88%,0,0.00%,0,0.00%
,,,9999,Frazier SD,1,0,0.00%,0,0.00%,0,0.00%,0,0.00%,0,0.00%
,101264003,Laurel Highlands SD,6600,Laurel Highlands SHS,196,122,62.24%,117,59.69%,125,63.78%,3,1.53%,5,2.55%
,,,9999,Laurel Highlands SD,8,0,0.00%,0,0.00%,0,0.00%,0,0.00%,0,0.00%
,101266007,Connellsville Area Career & Technical Ce,6643,Connellsville Area Career & Technical Ce,84,16,19.05%,14,16.67%,17,20.24%,1,1.19%,2,2.38%
,101268003,Uniontown Area SD,2184,Uniontown Area SHS,162,84,51.85%,68,41.98%,88,54.32%,4,2.47%,16,9.88%
,,,9999,Uniontown Area SD,3,1,33.33%,0,0.00%,1,33.33%,0,0.00%,1,33.33%
Forest,106272003,Forest Area SD,6159,East Forest JSHS,19,10,52.63%,9,47.37%,10,52.63%,0,0.00%,1,5.26%
,,,6161,West Forest JSHS,20,9,45.00%,9,45.00%,9,45.00%,0,0.00%,0,0.00%
,,,9999,Forest Area SD,9,0,0.00%,0,0.00%,0,0.00%,0,0.00%,0,0.00%
Franklin,112281302,Chambersburg Area SD,2191,Chambersburg Area SHS,469,193,41.15%,193,41.15%,194,41.36%,1,0.21%,0,0.00%
,,,8244,Chambersburg Area Career Magnet Sch,175,65,37.14%,62,35.43%,69,39.43%,4,2.29%,3,1.71%
,,,9999,Chambersburg Area SD,6,0,0.00%,0,0.00%,0,0.00%,0,0.00%,0,0.00%
,112282004,Fannett-Metal SD,2201,Fannett-Metal SHS,38,18,47.37%,18,47.37%,20,52.63%,2,5.26%,0,0.00%
,112283003,Greencastle-Antrim SD,2206,Greencastle-Antrim SHS,201,135,67.16%,134,66.67%,140,69.65%,5,2.49%,1,0.50%
,,,9999,Greencastle-Antrim SD,2,0,0.00%,0,0.00%,0,0.00%,0,0.00%,0,0.00%
,112286003,Tuscarora SD,6280,James Buchanan HS,148,64,43.24%,55,37.16%,68,45.95%,4,2.70%,9,6.08%
,112289003,Waynesboro Area SD,2243,Waynesboro Area SHS,318,141,44.34%,141,44.34%,182,57.23%,41,12.89%,0,0.00%
,,,9999,Waynesboro Area SD,11,0,0.00%,0,0.00%,0,0.00%,0,0.00%,0,0.00%
Fulton,111291304,Central Fulton SD,6252,McConnellsburg HS,71,33,46.48%,33,46.48%,38,53.52%,5,7.04%,0,0.00%
,111292304,Forbes Road SD,2246,Forbes Road JSHS,18,9,50.00%,8,44.44%,9,50.00%,0,0.00%,1,5.56%
,111297504,Southern Fulton SD,2253,Southern Fulton JSHS,59,34,57.63%,34,57.63%,34,57.63%,0,0.00%,0,0.00%
Greene,101301303,Carmichaels Area SD,7112,Carmichaels Area HS,87,59,67.82%,55,63.22%,61,70.11%,2,2.30%,4,4.60%
,101301403,Central Greene SD,5118,Waynesburg Central HS,117,80,68.38%,69,58.97%,81,69.23%,1,0.85%,11,9.40%
,,,9999,Central Greene SD,3,0,0.00%,0,0.00%,0,0.00%,0,0.00%,0,0.00%
,101303503,Jefferson-Morgan SD,2280,Jefferson-Morgan MS/HS,46,34,73.91%,34,73.91%,36,78.26%,2,4.35%,0,0.00%
,101306503,Southeastern Greene SD,2284,Mapletown JSHS,28,16,57.14%,16,57.14%,20,71.43%,4,14.29%,0,0.00%
,,,9999,Southeastern Greene SD,4,0,0.00%,0,0.00%,0,0.00%,0,0.00%,0,0.00%
,101308503,West Greene SD,8442,West Greene JSHS,43,22,51.16%,22,51.16%,22,51.16%,0,0.00%,0,0.00%
Huntingdon,111312503,Huntingdon Area SD,2305,Huntingdon Area SHS,148,92,62.16%,86,58.11%,93,62.84%,1,0.68%,6,4.05%
,,,9999,Huntingdon Area SD,1,0,0.00%,0,0.00%,0,0.00%,0,0.00%,0,0.00%
,111312804,Juniata Valley SD,2308,Juniata Valley JSHS,62,31,50.00%,31,50.00%,34,54.84%,3,4.84%,0,0.00%
,111316003,Mount Union Area SD,7944,Mount Union Area SHS,88,46,52.27%,45,51.14%,50,56.82%,4,4.55%,1,1.14%
,111317503,Southern Huntingdon County SD,2313,Southern Huntingdon Co HS/MS,87,40,45.98%,40,45.98%,42,48.28%,2,2.30%,0,0.00%
,111440001,New Day CS,7762,New Day Charter School,29,0,0.00%,0,0.00%,0,0.00%,0,0.00%,0,0.00%
Indiana,128321103,Blairsville-Saltsburg SD,2353,Saltsburg MS/HS,35,22,62.86%,19,54.29%,22,62.86%,0,0.00%,3,8.57%
,,,4706,Blairsville SHS,60,26,43.33%,25,41.67%,27,45.00%,1,1.67%,1,1.67%
,,,9999,Blairsville-Saltsburg SD,1,0,0.00%,0,0.00%,0,0.00%,0,0.00%,0,0.00%
,128323303,Homer-Center SD,2331,Homer-Center JSHS,66,40,60.61%,37,56.06%,41,62.12%,1,1.52%,3,4.55%
,128323703,Indiana Area SD,2325,Indiana Area SHS,208,148,71.15%,142,68.27%,149,71.63%,1,0.48%,6,2.88%
,,,9999,Indiana Area SD,1,0,0.00%,0,0.00%,0,0.00%,0,0.00%,0,0.00%
,128325203,Marion Center Area SD,2339,Marion Center Area JR/SR HS,88,52,59.09%,46,52.27%,54,61.36%,2,2.27%,6,6.82%
,128326303,Penns Manor Area SD,2345,Penns Manor Area JSHS,63,30,47.62%,30,47.62%,33,52.38%,3,4.76%,0,0.00%
,,,9999,Penns Manor Area SD,6,0,0.00%,0,0.00%,0,0.00%,0,0.00%,0,0.00%
,128327303,Purchase Line SD,2350,Purchase Line JSHS,56,33,58.93%,28,50.00%,33,58.93%,0,0.00%,5,8.93%
,,,9999,Purchase Line SD,1,0,0.00%,0,0.00%,0,0.00%,0,0.00%,0,0.00%
,128328003,United SD,2358,United JSHS,75,33,44.00%,33,44.00%,34,45.33%,1,1.33%,0,0.00%
,,,9999,United SD,2,0,0.00%,0,0.00%,0,0.00%,0,0.00%,0,0.00%
Jefferson,106330703,Brockway Area SD,2362,Brockway Area JSHS,74,40,54.05%,33,44.59%,41,55.41%,1,1.35%,7,9.46%
,,,9999,Brockway Area SD,1,0,0.00%,0,0.00%,0,0.00%,0,0.00%,0,0.00%
,106330803,Brookville Area SD,6162,Brookville JSHS,109,57,52.29%,53,48.62%,63,57.80%,6,5.50%,4,3.67%
,106333407,Jefferson County-DuBois AVTS,5180,Jefferson County-DuBois AVTS,79,24,30.38%,15,18.99%,26,32.91%,2,2.53%,9,11.39%
,106338003,Punxsutawney Area SD,6165,Punxsutawney Area HS,138,81,58.70%,76,55.07%,91,65.94%,10,7.25%,5,3.62%
,,,9999,Punxsutawney Area SD,6,0,0.00%,0,0.00%,0,0.00%,0,0.00%,0,0.00%
Juniata,111343603,Juniata County SD,2394,East Juniata JSHS,91,0,0.00%,0,0.00%,0,0.00%,0,0.00%,0,0.00%
,,,6255,Juniata SHS,145,33,22.76%,28,19.31%,34,23.45%,1,0.69%,5,3.45%
,,,9999,Juniata County SD,1,0,0.00%,0,0.00%,0,0.00%,0,0.00%,0,0.00%
Lackawanna,119350303,Abington Heights SD,5091,Abington Heights HS,248,211,85.08%,208,83.87%,213,85.89%,2,0.81%,3,1.21%
,,,9999,Abington Heights SD,1,0,0.00%,0,0.00%,0,0.00%,0,0.00%,0,0.00%
,119351303,Carbondale Area SD,2420,Carbondale Area JSHS,100,66,66.00%,57,57.00%,72,72.00%,6,6.00%,9,9.00%
,,,9999,Carbondale Area SD,3,0,0.00%,0,0.00%,0,0.00%,0,0.00%,0,0.00%
,119352203,Dunmore SD,8312,Dunmore JSHS,116,99,85.34%,99,85.34%,99,85.34%,0,0.00%,0,0.00%
,,,9999,Dunmore SD,2,0,0.00%,0,0.00%,0,0.00%,0,0.00%,0,0.00%
,119354603,Lakeland SD,6404,Lakeland JSHS,111,81,72.97%,81,72.97%,83,74.77%,2,1.80%,0,0.00%
,119355503,Mid Valley SD,8304,Mid Valley Secondary Center,105,64,60.95%,62,59.05%,65,61.90%,1,0.95%,2,1.90%
,,,9999,Mid Valley SD,1,1,100.00%,1,100.00%,1,100.00%,0,0.00%,0,0.00%
,119356503,North Pocono SD,2446,North Pocono HS,201,144,71.64%,144,71.64%,147,73.13%,3,1.49%,0,0.00%
,,,9999,North Pocono SD,1,0,0.00%,0,0.00%,0,0.00%,0,0.00%,0,0.00%
,119356603,Old Forge SD,2449,Old Forge JSHS,49,40,81.63%,40,81.63%,40,81.63%,0,0.00%,0,0.00%
,,,9999,Old Forge SD,2,0,0.00%,0,0.00%,0,0.00%,0,0.00%,0,0.00%
,119357003,Riverside SD,2496,Riverside JSHS,109,73,66.97%,73,66.97%,78,71.56%,5,4.59%,0,0.00%
,,,9999,Riverside SD,1,0,0.00%,0,0.00%,0,0.00%,0,0.00%,0,0.00%
,119357402,Scranton SD,2489,West Scranton HS,202,128,63.37%,128,63.37%,137,67.82%,9,4.46%,0,0.00%
,,,6413,Scranton HS,389,244,62.72%,244,62.72%,247,63.50%,3,0.77%,0,0.00%
,,,9999,Scranton SD,21,4,19.05%,4,19.05%,4,19.05%,0,0.00%,0,0.00%
,119358403,Valley View SD,6775,Valley View HS,177,138,77.97%,135,76.27%,138,77.97%,0,0.00%,3,1.69%
Lancaster,113361303,Cocalico SD,6290,Cocalico SHS,197,117,59.39%,113,57.36%,117,59.39%,0,0.00%,4,2.03%
,113361503,Columbia Borough SD,2515,Columbia HS,91,31,34.07%,28,30.77%,31,34.07%,0,0.00%,3,3.30%
,,,9999,Columbia Borough SD,4,0,0.00%,0,0.00%,0,0.00%,0,0.00%,0,0.00%
,113361703,Conestoga Valley SD,2532,Conestoga Valley SHS,294,149,50.68%,149,50.68%,149,50.68%,0,0.00%,0,0.00%
,,,9999,Conestoga Valley SD,21,5,23.81%,5,23.81%,5,23.81%,0,0.00%,0,0.00%
,113362203,Donegal SD,2539,Donegal HS,213,137,64.32%,136,63.85%,137,64.32%,0,0.00%,1,0.47%
,,,9999,Donegal SD,8,0,0.00%,0,0.00%,0,0.00%,0,0.00%,0,0.00%
,113362303,Eastern Lancaster County SD,2554,Garden Spot SHS,229,112,48.91%,111,48.47%,115,50.22%,3,1.31%,1,0.44%
,113362403,Elizabethtown Area SD,2562,Elizabethtown Area SHS,303,184,60.73%,183,60.40%,194,64.03%,10,3.30%,1,0.33%
,,,9999,Elizabethtown Area SD,3,0,0.00%,0,0.00%,0,0.00%,0,0.00%,0,0.00%
,113362603,Ephrata Area SD,6293,Ephrata SHS,285,172,60.35%,159,55.79%,176,61.75%,4,1.40%,13,4.56%
,,,9999,Ephrata Area SD,5,0,0.00%,0,0.00%,0,0.00%,0,0.00%,0,0.00%
,113362940,La Academia Partnership CS,7538,La Academia Partnership Charter School,23,13,56.52%,13,56.52%,13,56.52%,0,0.00%,0,0.00%
,113363103,Hempfield SD,2578,Hempfield SHS,535,384,71.78%,364,68.04%,388,72.52%,4,0.75%,20,3.74%
,,,9999,Hempfield SD,9,0,0.00%,0,0.00%,0,0.00%,0,0.00%,0,0.00%
,113363603,Lampeter-Strasburg SD,2607,Lampeter-Strasburg SHS,234,179,76.50%,152,64.96%,183,78.21%,4,1.71%,27,11.54%
,,,9999,Lampeter-Strasburg SD,4,0,0.00%,0,0.00%,0,0.00%,0,0.00%,0,0.00%
,113364002,Lancaster SD,2596,McCaskey Campus,542,315,58.12%,289,53.32%,326,60.15%,11,2.03%,26,4.80%
,,,7922,Phoenix Academy,128,3,2.34%,2,1.56%,3,2.34%,0,0.00%,1,0.78%
,,,9999,Lancaster SD,6,0,0.00%,0,0.00%,1,16.67%,1,16.67%,0,0.00%
,113364403,Manheim Central SD,2618,Manheim Central SHS,246,146,59.35%,146,59.35%,152,61.79%,6,2.44%,0,0.00%
,,,9999,Manheim Central SD,2,0,0.00%,0,0.00%,0,0.00%,0,0.00%,0,0.00%
,113364503,Manheim Township SD,2623,Manheim Twp HS,413,319,77.24%,310,75.06%,319,77.24%,0,0.00%,9,2.18%
,,,9999,Manheim Township SD,7,0,0.00%,0,0.00%,0,0.00%,0,0.00%,0,0.00%
,113365203,Penn Manor SD,2633,Penn Manor HS,369,258,69.92%,249,67.48%,261,70.73%,3,0.81%,9,2.44%
,,,9999,Penn Manor SD,9,1,11.11%,1,11.11%,1,11.11%,0,0.00%,0,0.00%
,113365303,Pequea Valley SD,2649,Pequea Valley HS,113,58,51.33%,54,47.79%,68,60.18%,10,8.85%,4,3.54%
,,,9999,Pequea Valley SD,5,0,0.00%,0,0.00%,0,0.00%,0,0.00%,0,0.00%
,113367003,Solanco SD,2658,Solanco HS,228,84,36.84%,84,36.84%,87,38.16%,3,1.32%,0,0.00%
,,,9999,Solanco SD,5,0,0.00%,0,0.00%,0,0.00%,0,0.00%,0,0.00%
,113369003,Warwick SD,2663,Warwick SHS,324,223,68.83%,197,60.80%,223,68.83%,0,0.00%,26,8.02%
Lawrence,104372003,Ellwood City Area SD,2675,Lincoln JSHS,82,48,58.54%,48,58.54%,60,73.17%,12,14.63%,0,0.00%
,,,9999,Ellwood City Area SD,1,0,0.00%,0,0.00%,0,0.00%,0,0.00%,0,0.00%
,104374003,Laurel SD,2680,Laurel HS,80,14,17.50%,14,17.50%,14,17.50%,0,0.00%,0,0.00%
,104374207,Lawrence County CTC,4940,Lawrence County CTC,116,25,21.55%,23,19.83%,30,25.86%,5,4.31%,2,1.72%
,104375003,Mohawk Area SD,2686,Mohawk SHS,90,64,71.11%,64,71.11%,68,75.56%,4,4.44%,0,0.00%
,104375203,Neshannock Township SD,2689,Neshannock JSHS,92,79,85.87%,79,85.87%,83,90.22%,4,4.35%,0,0.00%
,104375302,New Castle Area SD,2704,New Castle SHS,151,110,72.85%,102,67.55%,113,74.83%,3,1.99%,8,5.30%
,,,9999,New Castle Area SD,7,0,0.00%,0,0.00%,0,0.00%,0,0.00%,0,0.00%
,104376203,Shenango Area SD,2708,Shenango HS,77,57,74.03%,52,67.53%,63,81.82%,6,7.79%,5,6.49%
,104377003,Union Area SD,2712,Union Area HS,52,33,63.46%,33,63.46%,35,67.31%,2,3.85%,0,0.00%
,104378003,Wilmington Area SD,2721,Wilmington Area HS,84,56,66.67%,51,60.71%,57,67.86%,1,1.19%,5,5.95%
,,,9999,Wilmington Area SD,1,0,0.00%,0,0.00%,0,0.00%,0,0.00%,0,0.00%
Lebanon,113380303,Annville-Cleona SD,2725,Annville Cleona HS,104,64,61.54%,64,61.54%,66,63.46%,2,1.92%,0,0.00%
,,,9999,Annville-Cleona SD,1,0,0.00%,0,0.00%,0,0.00%,0,0.00%,0,0.00%
,113381303,Cornwall-Lebanon SD,4800,Cedar Crest HS,387,256,66.15%,238,61.50%,260,67.18%,4,1.03%,18,4.65%
,113382303,Eastern Lebanon County SD,2740,Eastern Lebanon Co SHS,153,99,64.71%,99,64.71%,100,65.36%,1,0.65%,0,0.00%
,,,9999,Eastern Lebanon County SD,2,0,0.00%,0,0.00%,0,0.00%,0,0.00%,0,0.00%
,113384603,Lebanon SD,5155,Lebanon SHS,268,111,41.42%,110,41.04%,116,43.28%,5,1.87%,1,0.37%
,,,9999,Lebanon SD,14,0,0.00%,0,0.00%,0,0.00%,0,0.00%,0,0.00%
,113385003,Northern Lebanon SD,2760,Northern Lebanon SHS,158,62,39.24%,58,36.71%,66,41.77%,4,2.53%,4,2.53%
,,,9999,Northern Lebanon SD,5,0,0.00%,0,0.00%,0,0.00%,0,0.00%,0,0.00%
,113385303,Palmyra Area SD,2766,Palmyra Area SHS,262,197,75.19%,195,74.43%,197,75.19%,0,0.00%,2,0.76%
Lehigh,121390302,Allentown City SD,2794,William Allen HS,587,278,47.36%,276,47.02%,285,48.55%,7,1.19%,2,0.34%
,,,2795,Louis E Dieruff HS,436,261,59.86%,257,58.94%,274,62.84%,13,2.98%,4,0.92%
,,,8412,Building 21 Allentown,96,65,67.71%,64,66.67%,70,72.92%,5,5.21%,1,1.04%
,,,9999,Allentown City SD,109,36,33.03%,34,31.19%,40,36.70%,4,3.67%,2,1.83%
,121391303,Catasauqua Area SD,2798,Catasauqua SHS,90,58,64.44%,57,63.33%,59,65.56%,1,1.11%,1,1.11%
,121392303,East Penn SD,2809,Emmaus HS,635,494,77.80%,488,76.85%,498,78.43%,4,0.63%,6,0.94%
,,,9999,East Penn SD,9,0,0.00%,0,0.00%,0,0.00%,0,0.00%,0,0.00%
,121393330,Roberto Clemente CS,8401,Roberto Clemente CS,36,32,88.89%,32,88.89%,32,88.89%,0,0.00%,0,0.00%
,121394503,Northern Lehigh SD,2818,Northern Lehigh SHS,104,60,57.69%,59,56.73%,60,57.69%,0,0.00%,1,0.96%
,,,9999,Northern Lehigh SD,1,0,0.00%,0,0.00%,0,0.00%,0,0.00%,0,0.00%
,121394603,Northwestern Lehigh SD,2821,Northwestern Lehigh HS,178,112,62.92%,112,62.92%,116,65.17%,4,2.25%,0,0.00%
,,,9999,Northwestern Lehigh SD,2,0,0.00%,0,0.00%,0,0.00%,0,0.00%,0,0.00%
,121395103,Parkland SD,2829,Parkland HS,795,657,82.64%,653,82.14%,660,83.02%,3,0.38%,4,0.50%
,,,9999,Parkland SD,6,0,0.00%,0,0.00%,0,0.00%,0,0.00%,0,0.00%
,121395526,Innovative Arts Academy CS,8371,Innovative Arts Academy CS,33,18,54.55%,17,51.52%,18,54.55%,0,0.00%,1,3.03%
,121395603,Salisbury Township SD,2833,Salisbury SHS,127,92,72.44%,92,72.44%,92,72.44%,0,0.00%,0,0.00%
,,,9999,Salisbury Township SD,1,0,0.00%,0,0.00%,0,0.00%,0,0.00%,0,0.00%
,121395703,Southern Lehigh SD,2839,Southern Lehigh SHS,273,178,65.20%,178,65.20%,179,65.57%,1,0.37%,0,0.00%
,,,9999,Southern Lehigh SD,3,0,0.00%,0,0.00%,0,0.00%,0,0.00%,0,0.00%
,121397803,Whitehall-Coplay SD,2848,Whitehall HS,375,207,55.20%,207,55.20%,213,56.80%,6,1.60%,0,0.00%
,,,9999,Whitehall-Coplay SD,4,0,0.00%,0,0.00%,0,0.00%,0,0.00%,0,0.00%
,121398065,Executive Education Academy CS,8325,Executive Education Academy Charter Scho,79,56,70.89%,52,65.82%,56,70.89%,0,0.00%,4,5.06%
,175390169,Lincoln Leadership Academy CS,8125,Lincoln Leadership Academy Charter Schoo,44,41,93.18%,41,93.18%,43,97.73%,2,4.55%,0,0.00%
Luzerne,118401403,Crestwood SD,8446,Crestwood Secondary Campus,209,114,54.55%,114,54.55%,115,55.02%,1,0.48%,0,0.00%
,,,9999,Crestwood SD,12,0,0.00%,0,0.00%,0,0.00%,0,0.00%,0,0.00%
,118401603,Dallas SD,2869,Dallas SHS,193,153,79.27%,152,78.76%,153,79.27%,0,0.00%,1,0.52%
,118402603,Greater Nanticoke Area SD,5242,Greater Nanticoke Area SHS,161,103,63.98%,103,63.98%,104,64.60%,1,0.62%,0,0.00%
,,,9999,Greater Nanticoke Area SD,13,0,0.00%,0,0.00%,0,0.00%,0,0.00%,0,0.00%
,118403003,Hanover Area SD,2891,Hanover Area JSHS,123,85,69.11%,85,69.11%,88,71.54%,3,2.44%,0,0.00%
,,,9999,Hanover Area SD,8,2,25.00%,2,25.00%,2,25.00%,0,0.00%,0,0.00%
,118403302,Hazleton Area SD,7348,Hazleton Area HS,763,404,52.95%,395,51.77%,407,53.34%,3,0.39%,9,1.18%
,,,9999,Hazleton Area SD,3,0,0.00%,0,0.00%,0,0.00%,0,0.00%,0,0.00%
,118403903,Lake-Lehman SD,2924,Lake-Lehman JSHS,150,100,66.67%,100,66.67%,109,72.67%,9,6.00%,0,0.00%
,118406003,Northwest Area SD,2958,Northwest Area HS,85,63,74.12%,63,74.12%,63,74.12%,0,0.00%,0,0.00%
,,,9999,Northwest Area SD,1,0,0.00%,0,0.00%,0,0.00%,0,0.00%,0,0.00%
,118406602,Pittston Area SD,5058,Pittston Area SHS,249,185,74.30%,185,74.30%,203,81.53%,18,7.23%,0,0.00%
,,,9999,Pittston Area SD,2,0,0.00%,0,0.00%,0,0.00%,0,0.00%,0,0.00%
,118408707,West Side CTC,5059,West Side CTC,94,40,42.55%,38,40.43%,41,43.62%,1,1.06%,2,2.13%
,118408852,Wilkes-Barre Area SD,3007,James M Coughlin JSHS,205,149,72.68%,144,70.24%,149,72.68%,0,0.00%,5,2.44%
,,,3008,G A R Memorial JSHS,115,41,35.65%,40,34.78%,41,35.65%,0,0.00%,1,0.87%
,,,3009,Elmer L Meyers JSHS,131,100,76.34%,88,67.18%,100,76.34%,0,0.00%,12,9.16%
,,,8448,Wilkes-Barre Area SD STEM Academy,11,10,90.91%,10,90.91%,11,100.00%,1,9.09%,0,0.00%
,,,9999,Wilkes-Barre Area SD,22,1,4.55%,1,4.55%,1,4.55%,0,0.00%,0,0.00%
,118409203,Wyoming Area SD,6390,Wyoming Area Sec Ctr,168,140,83.33%,139,82.74%,143,85.12%,3,1.79%,1,0.60%
,,,9999,Wyoming Area SD,10,0,0.00%,0,0.00%,0,0.00%,0,0.00%,0,0.00%
,118409302,Wyoming Valley West SD,6391,Wyoming Valley West SHS,277,0,0.00%,0,0.00%,0,0.00%,0,0.00%,0,0.00%
,,,9999,Wyoming Valley West SD,14,0,0.00%,0,0.00%,0,0.00%,0,0.00%,0,0.00%
Lycoming,117412003,East Lycoming SD,6364,Hughesville JSHS,125,82,65.60%,82,65.60%,84,67.20%,2,1.60%,0,0.00%
,,,9999,East Lycoming SD,1,0,0.00%,0,0.00%,0,0.00%,0,0.00%,0,0.00%
,117414003,Jersey Shore Area SD,3034,Jersey Shore Area SHS,167,65,38.92%,65,38.92%,67,40.12%,2,1.20%,0,0.00%
,117414203,Loyalsock Township SD,4828,Loyalsock Twp SHS,119,86,72.27%,86,72.27%,88,73.95%,2,1.68%,0,0.00%
,117415004,Montgomery Area SD,3040,Montgomery JSHS,50,33,66.00%,27,54.00%,33,66.00%,0,0.00%,6,12.00%
,117415103,Montoursville Area SD,3045,Montoursville Area SHS,139,95,68.35%,91,65.47%,98,70.50%,3,2.16%,4,2.88%
,117415303,Muncy SD,3048,Muncy JSHS,52,36,69.23%,33,63.46%,37,71.15%,1,1.92%,3,5.77%
,117416103,South Williamsport Area SD,3056,South Williamsport Area JSHS,79,46,58.23%,46,58.23%,46,58.23%,0,0.00%,0,0.00%
,117417202,Williamsport Area SD,6368,Williamsport Area SHS,312,206,66.03%,206,66.03%,206,66.03%,0,0.00%,0,0.00%
McKean,109420803,Bradford Area SD,4691,Bradford Area HS,171,86,50.29%,79,46.20%,100,58.48%,14,8.19%,7,4.09%
,,,9999,Bradford Area SD,1,0,0.00%,0,0.00%,0,0.00%,0,0.00%,0,0.00%
,109422303,Kane Area SD,5245,Kane Area HS,76,44,57.89%,44,57.89%,44,57.89%,0,0.00%,0,0.00%
,109426003,Otto-Eldred SD,3107,Otto-Eldred JSHS,42,21,50.00%,21,50.00%,23,54.76%,2,4.76%,0,0.00%
,109426303,Port Allegany SD,3111,Port Allegany JSHS,75,31,41.33%,30,40.00%,31,41.33%,0,0.00%,1,1.33%
,109427503,Smethport Area SD,3117,Smethport Area JSHS,55,0,0.00%,0,0.00%,0,0.00%,0,0.00%,0,0.00%
Mercer,104431304,Commodore Perry SD,6122,Commodore Perry JSHS,43,26,60.47%,22,51.16%,29,67.44%,3,6.98%,4,9.30%
,,,9999,Commodore Perry SD,1,0,0.00%,0,0.00%,0,0.00%,0,0.00%,0,0.00%
,104432503,Farrell Area SD,5248,Farrell Area HS/UMS,44,18,40.91%,18,40.91%,26,59.09%,8,18.18%,0,0.00%
,104432803,Greenville Area SD,3137,Greenville JSHS,114,71,62.28%,69,60.53%,73,64.04%,2,1.75%,2,1.75%
,104432830,Keystone Education Center CS,7506,Keystone Education Center CS,31,2,6.45%,2,6.45%,2,6.45%,0,0.00%,0,0.00%
,104432903,Grove City Area SD,3145,Grove City Area HS,128,83,64.84%,80,62.50%,83,64.84%,0,0.00%,3,2.34%
,,,6125,George Jr Republic HS,26,14,53.85%,14,53.85%,24,92.31%,10,38.46%,0,0.00%
,104433303,Hermitage SD,3150,Hickory HS,153,105,68.63%,101,66.01%,108,70.59%,3,1.96%,4,2.61%
,104433604,Jamestown Area SD,6126,Jamestown Area JSHS,43,25,58.14%,25,58.14%,26,60.47%,1,2.33%,0,0.00%
,104433903,Lakeview SD,3155,Lakeview HS,86,46,53.49%,46,53.49%,56,65.12%,10,11.63%,0,0.00%
,104435003,Mercer Area SD,3158,Mercer Area SHS,78,40,51.28%,37,47.44%,42,53.85%,2,2.56%,3,3.85%
,,,9999,Mercer Area SD,1,0,0.00%,0,0.00%,0,0.00%,0,0.00%,0,0.00%
,104435303,Reynolds SD,3165,Reynolds JSHS,70,49,70.00%,43,61.43%,49,70.00%,0,0.00%,6,8.57%
,104435603,Sharon City SD,8093,Sharon HS,103,59,57.28%,59,57.28%,59,57.28%,0,0.00%,0,0.00%
,104435703,Sharpsville Area SD,3124,Sharpsville Area SHS,91,49,53.85%,46,50.55%,52,57.14%,3,3.30%,3,3.30%
,104437503,West Middlesex Area SD,6129,West Middlesex Area JSHS,73,54,73.97%,53,72.60%,54,73.97%,0,0.00%,1,1.37%
Mifflin,111444602,Mifflin County SD,8187,Mifflin Co HS,372,132,35.48%,122,32.80%,143,38.44%,11,2.96%,10,2.69%
,,,9999,Mifflin County SD,1,0,0.00%,0,0.00%,0,0.00%,0,0.00%,0,0.00%
Monroe,120450003,Evergreen Community CS,7866,Evergreen Community CS,16,14,87.50%,14,87.50%,14,87.50%,0,0.00%,0,0.00%
,120452003,East Stroudsburg Area SD,6935,East Stroudsburg SHS South,314,224,71.34%,220,70.06%,228,72.61%,4,1.27%,4,1.27%
,,,7641,East Stroudsburg SHS North,236,149,63.14%,147,62.29%,160,67.80%,11,4.66%,2,0.85%
,,,9999,East Stroudsburg Area SD,5,1,20.00%,1,20.00%,1,20.00%,0,0.00%,0,0.00%
,120455203,Pleasant Valley SD,3210,Pleasant Valley HS,342,258,75.44%,254,74.27%,258,75.44%,0,0.00%,4,1.17%
,120455403,Pocono Mountain SD,3216,Pocono Mountain East HS,325,146,44.92%,146,44.92%,151,46.46%,5,1.54%,0,0.00%
,,,7738,Pocono Mountain West HS,412,190,46.12%,183,44.42%,191,46.36%,1,0.24%,7,1.70%
,,,9999,Pocono Mountain SD,5,2,40.00%,2,40.00%,2,40.00%,0,0.00%,0,0.00%
,120456003,Stroudsburg Area SD,3224,Stroudsburg HS,418,145,34.69%,145,34.69%,147,35.17%,2,0.48%,0,0.00%
Montgomery,123460001,Pennsylvania Virtual CS,7687,Pennsylvania Virtual CS,210,50,23.81%,50,23.81%,58,27.62%,8,3.81%,0,0.00%
,123460302,Abington SD,3241,Abington SHS,596,488,81.88%,481,80.70%,488,81.88%,0,0.00%,7,1.17%
,123461302,Cheltenham SD,3260,Cheltenham HS,332,213,64.16%,208,62.65%,213,64.16%,0,0.00%,5,1.51%
,,,9999,Cheltenham SD,9,1,11.11%,1,11.11%,1,11.11%,0,0.00%,0,0.00%
,123461602,Colonial SD,3333,Plymouth-Whitemarsh SHS,376,325,86.44%,324,86.17%,330,87.77%,5,1.33%,1,0.27%
,,,9999,Colonial SD,5,1,20.00%,1,20.00%,1,20.00%,0,0.00%,0,0.00%
,123463603,Hatboro-Horsham SD,3272,Hatboro-Horsham SHS,397,337,84.89%,337,84.89%,339,85.39%,2,0.50%,0,0.00%
,,,9999,Hatboro-Horsham SD,6,3,50.00%,3,50.00%,3,50.00%,0,0.00%,0,0.00%
,123463803,Jenkintown SD,8049,Jenkintown Middle/High School,47,43,91.49%,42,89.36%,43,91.49%,0,0.00%,1,2.13%
,123464502,Lower Merion SD,3295,Lower Merion HS,361,329,91.14%,329,91.14%,335,92.80%,6,1.66%,0,0.00%
,,,3296,Harriton SHS,293,265,90.44%,265,90.44%,266,90.78%,1,0.34%,0,0.00%
,,,9999,Lower Merion SD,1,0,0.00%,0,0.00%,0,0.00%,0,0.00%,0,0.00%
,123464603,Lower Moreland Township SD,4960,Lower Moreland HS,174,161,92.53%,158,90.80%,161,92.53%,0,0.00%,3,1.72%
,123465303,Methacton SD,3305,Methacton HS,345,305,88.41%,305,88.41%,307,88.99%,2,0.58%,0,0.00%
,,,9999,Methacton SD,4,2,50.00%,2,50.00%,2,50.00%,0,0.00%,0,0.00%
,123465602,Norristown Area SD,6729,Norristown Area HS,320,137,42.81%,131,40.94%,137,42.81%,0,0.00%,6,1.88%
,,,6998,Roosevelt Altern Sch,60,15,25.00%,11,18.33%,15,25.00%,0,0.00%,4,6.67%
,,,9999,Norristown Area SD,9,0,0.00%,0,0.00%,0,0.00%,0,0.00%,0,0.00%
,123465702,North Penn SD,5345,North Penn SHS,"1,005",863,85.87%,849,84.48%,868,86.37%,5,0.50%,14,1.39%
,,,9999,North Penn SD,9,6,66.67%,6,66.67%,6,66.67%,0,0.00%,0,0.00%
,123466103,Perkiomen Valley SD,3328,Perkiomen Valley HS,431,322,74.71%,311,72.16%,324,75.17%,2,0.46%,11,2.55%
,123466303,Pottsgrove SD,3338,Pottsgrove SHS,245,69,28.16%,67,27.35%,69,28.16%,0,0.00%,2,0.82%
,,,9999,Pottsgrove SD,2,0,0.00%,0,0.00%,0,0.00%,0,0.00%,0,0.00%
,123466403,Pottstown SD,3348,Pottstown SHS,182,61,33.52%,61,33.52%,69,37.91%,8,4.40%,0,0.00%
,,,9999,Pottstown SD,5,0,0.00%,0,0.00%,1,20.00%,1,20.00%,0,0.00%
,123467103,Souderton Area SD,3354,Souderton Area SHS,502,408,81.27%,408,81.27%,409,81.47%,1,0.20%,0,0.00%
,,,9999,Souderton Area SD,8,0,0.00%,0,0.00%,0,0.00%,0,0.00%,0,0.00%
,123467203,Springfield Township SD,3376,Springfield Twp HS,165,122,73.94%,122,73.94%,123,74.55%,1,0.61%,0,0.00%
,123467303,Spring-Ford Area SD,3367,Spring-Ford SHS 9-12 Ctr,613,533,86.95%,527,85.97%,533,86.95%,0,0.00%,6,0.98%
,,,9999,Spring-Ford Area SD,5,0,0.00%,0,0.00%,0,0.00%,0,0.00%,0,0.00%
,123468303,Upper Dublin SD,5078,Upper Dublin HS,292,272,93.15%,271,92.81%,272,93.15%,0,0.00%,1,0.34%
,,,9999,Upper Dublin SD,4,0,0.00%,0,0.00%,0,0.00%,0,0.00%,0,0.00%
,123468402,Upper Merion Area SD,3395,Upper Merion HS,284,99,34.86%,95,33.45%,99,34.86%,0,0.00%,4,1.41%
,,,9999,Upper Merion Area SD,23,4,17.39%,4,17.39%,4,17.39%,0,0.00%,0,0.00%
,123468503,Upper Moreland Township SD,3401,Upper Moreland HS,211,153,72.51%,151,71.56%,156,73.93%,3,1.42%,2,0.95%
,,,9999,Upper Moreland Township SD,2,0,0.00%,0,0.00%,0,0.00%,0,0.00%,0,0.00%
,123468603,Upper Perkiomen SD,5081,Upper Perkiomen HS,238,156,65.55%,151,63.45%,157,65.97%,1,0.42%,5,2.10%
,,,9999,Upper Perkiomen SD,1,0,0.00%,0,0.00%,0,0.00%,0,0.00%,0,0.00%
,123469303,Wissahickon SD,3247,Wissahickon SHS,353,321,90.93%,321,90.93%,326,92.35%,5,1.42%,0,0.00%
,,,9999,Wissahickon SD,6,1,16.67%,1,16.67%,1,16.67%,0,0.00%,0,0.00%
,126510020,Agora Cyber CS,7858,Agora Cyber CS,602,273,45.35%,266,44.19%,328,54.49%,55,9.14%,7,1.16%
,,,9999,Agora Cyber CS,1,0,0.00%,0,0.00%,0,0.00%,0,0.00%,0,0.00%
Montour,116471803,Danville Area SD,3425,Danville Area SHS,157,118,75.16%,109,69.43%,120,76.43%,2,1.27%,9,5.73%
Northampton,120480002,Lehigh Valley Academy Regional CS,7681,Lehigh Valley Academy Regional CS,87,79,90.80%,79,90.80%,81,93.10%,2,2.30%,0,0.00%
,,,9999,Lehigh Valley Academy Regional CS,1,0,0.00%,0,0.00%,0,0.00%,0,0.00%,0,0.00%
,120480803,Bangor Area SD,3434,Bangor Area HS,215,113,52.56%,113,52.56%,113,52.56%,0,0.00%,0,0.00%
,120481002,Bethlehem Area SD,3465,Liberty HS,600,418,69.67%,410,68.33%,420,70.00%,2,0.33%,8,1.33%
,,,4957,Freedom HS,430,305,70.93%,297,69.07%,313,72.79%,8,1.86%,8,1.86%
,,,9999,Bethlehem Area SD,16,2,12.50%,2,12.50%,2,12.50%,0,0.00%,0,0.00%
,120483170,Lehigh Valley Charter High School for th,7634,Lehigh Valley Charter High School for th,146,100,68.49%,100,68.49%,103,70.55%,3,2.05%,0,0.00%
,120483302,Easton Area SD,3482,Easton Area HS,669,451,67.41%,449,67.12%,459,68.61%,8,1.20%,2,0.30%
,120484803,Nazareth Area SD,3495,Nazareth Area HS,366,302,82.51%,301,82.24%,314,85.79%,12,3.28%,1,0.27%
,120484903,Northampton Area SD,3505,Northampton Area HS,414,327,78.99%,311,75.12%,327,78.99%,0,0.00%,16,3.86%
,120485603,Pen Argyl Area SD,6439,Pen Argyl Area HS,111,77,69.37%,76,68.47%,80,72.07%,3,2.70%,1,0.90%
,120486003,Saucon Valley SD,5352,Saucon Valley SHS,184,142,77.17%,141,76.63%,143,77.72%,1,0.54%,1,0.54%
,,,9999,Saucon Valley SD,1,0,0.00%,0,0.00%,0,0.00%,0,0.00%,0,0.00%
,120488603,Wilson Area SD,3522,Wilson Area HS,159,111,69.81%,111,69.81%,111,69.81%,0,0.00%,0,0.00%
,,,9999,Wilson Area SD,2,0,0.00%,0,0.00%,0,0.00%,0,0.00%,0,0.00%
Northumberland,116493503,Line Mountain SD,3532,Line Mountain HS,106,60,56.60%,60,56.60%,69,65.09%,9,8.49%,0,0.00%
,,,9999,Line Mountain SD,1,0,0.00%,0,0.00%,0,0.00%,0,0.00%,0,0.00%
,116495003,Milton Area SD,3541,Milton HS,164,80,48.78%,79,48.17%,80,48.78%,0,0.00%,1,0.61%
,116495103,Mount Carmel Area SD,6936,Mount Carmel Area HS,127,67,52.76%,66,51.97%,68,53.54%,1,0.79%,1,0.79%
,116496503,Shamokin Area SD,7893,Shamokin Area HS,171,87,50.88%,83,48.54%,87,50.88%,0,0.00%,4,2.34%
,116496603,Shikellamy SD,3569,Shikellamy HS,181,101,55.80%,92,50.83%,104,57.46%,3,1.66%,9,4.97%
,116498003,Warrior Run SD,5103,Warrior Run HS,119,35,29.41%,34,28.57%,35,29.41%,0,0.00%,1,0.84%
Perry,115503004,Greenwood SD,6341,Greenwood HS,56,28,50.00%,28,50.00%,28,50.00%,0,0.00%,0,0.00%
,115504003,Newport SD,7930,Newport HS,61,33,54.10%,32,52.46%,33,54.10%,0,0.00%,1,1.64%
,115506003,Susquenita SD,3589,Susquenita HS,114,65,57.02%,65,57.02%,65,57.02%,0,0.00%,0,0.00%
,,,9999,Susquenita SD,2,1,50.00%,1,50.00%,1,50.00%,0,0.00%,0,0.00%
,115508003,West Perry SD,3596,West Perry SHS,153,80,52.29%,79,51.63%,81,52.94%,1,0.65%,1,0.65%
,,,9999,West Perry SD,1,0,0.00%,0,0.00%,0,0.00%,0,0.00%,0,0.00%
Philadelphia,100510000,First Philadelphia Preparatory CS,7744,First Philadelphia Preparatory Charter S,68,45,66.18%,41,60.29%,52,76.47%,7,10.29%,4,5.88%
,114514135,Sankofa Freedom Academy CS,8083,Sankofa Freedom Academy Charter School,36,36,100.00%,35,97.22%,36,100.00%,0,0.00%,1,2.78%
,126510002,Mastery CHS-Lenfest Campus,7678,Mastery CHS-Lenfest Campus,72,52,72.22%,52,72.22%,57,79.17%,5,6.94%,0,0.00%
,126510004,People for People CS,7685,People for People CS,15,10,66.67%,10,66.67%,10,66.67%,0,0.00%,0,0.00%
,126510009,Philadelphia Electrical & Tech CHS,7737,Philadelphia Electrical & Tech CHS,131,92,70.23%,76,58.02%,95,72.52%,3,2.29%,16,12.21%
,,,9999,Philadelphia Electrical & Tech CHS,1,0,0.00%,0,0.00%,0,0.00%,0,0.00%,0,0.00%
,126510014,Maritime Academy CS,7777,Maritime Academy CS,56,40,71.43%,39,69.64%,44,78.57%,4,7.14%,1,1.79%
,126510022,Mastery CS-Shoemaker Campus,7909,Mastery CS -Shoemaker Campus,129,102,79.07%,99,76.74%,109,84.50%,7,5.43%,3,2.33%
,126510023,Mastery CS-Thomas Campus,7910,Mastery CS - Thomas Campus,106,72,67.92%,72,67.92%,88,83.02%,16,15.09%,0,0.00%
,126511530,TECH Freire CS,8359,TECH Freire CS,95,65,68.42%,64,67.37%,69,72.63%,4,4.21%,1,1.05%
,126511563,Esperanza Cyber CS,8216,Esperanza Cyber CS,41,15,36.59%,15,36.59%,25,60.98%,10,24.39%,0,0.00%
,126512840,Community Academy of Philadelphia CS,7510,Community Academy of Philadelphia CS,128,77,60.16%,77,60.16%,92,71.88%,15,11.72%,0,0.00%
,126512870,Youth Build Phila CS,7513,Youth Build Phila CS,173,32,18.50%,31,17.92%,36,20.81%,4,2.31%,1,0.58%
,126512960,Preparatory CS of Mathematics Science Te,7540,Preparatory CS of Mathematics Science Te,135,105,77.78%,105,77.78%,113,83.70%,8,5.93%,0,0.00%
,126512980,Imhotep Institute CHS,7542,Imhotep Institute CHS,114,87,76.32%,87,76.32%,93,81.58%,6,5.26%,0,0.00%
,126513000,Multicultural Academy CS,7546,Multicultural Academy CS,43,40,93.02%,40,93.02%,40,93.02%,0,0.00%,0,0.00%
,126513150,MAST Community CS,7574,MAST Community CS,105,86,81.90%,86,81.90%,89,84.76%,3,2.86%,0,0.00%
,126513190,Charter High School for Architecture and,7578,Charter High School for Architecture and,127,104,81.89%,97,76.38%,105,82.68%,1,0.79%,7,5.51%
,126513230,Math Civics and Sciences CS,7582,Math Civics and Sciences CS,78,69,88.46%,68,87.18%,75,96.15%,6,7.69%,1,1.28%
,126513270,Freire CS,7586,Freire CS,94,82,87.23%,81,86.17%,85,90.43%,3,3.19%,1,1.06%
,,,9999,Freire CS,1,0,0.00%,0,0.00%,0,0.00%,0,0.00%,0,0.00%
,126513280,Philadelphia Academy CS,7587,Philadelphia Academy CS,104,69,66.35%,69,66.35%,73,70.19%,4,3.85%,0,0.00%
,126513290,Mastery CS-Hardy Williams,7588,Mastery CS-Hardy Williams,87,47,54.02%,47,54.02%,49,56.32%,2,2.30%,0,0.00%
,126513400,Philadelphia Performing Arts CS,7647,Philadelphia Performing Arts CS,153,149,97.39%,149,97.39%,152,99.35%,3,1.96%,0,0.00%
,126513420,New Foundations CS,7649,New Foundations CS,138,81,58.70%,81,58.70%,81,58.70%,0,0.00%,0,0.00%
,126513440,Esperanza Academy CS,7665,Esperanza Academy Charter School,177,92,51.98%,83,46.89%,97,54.80%,5,2.82%,9,5.08%
,126513450,Franklin Towne CHS,7666,Franklin Towne CHS,268,175,65.30%,175,65.30%,179,66.79%,4,1.49%,0,0.00%
,126513452,Olney Charter High School,8205,Olney Charter High School,474,176,37.13%,175,36.92%,203,42.83%,27,5.70%,1,0.21%
,126513480,Mariana Bracetti Academy CS,7672,Mariana Bracetti Academy CS,138,86,62.32%,86,62.32%,94,68.12%,8,5.80%,0,0.00%
,,,9999,Mariana Bracetti Academy CS,3,0,0.00%,0,0.00%,0,0.00%,0,0.00%,0,0.00%
,126513734,Mastery CS-Gratz Campus,8207,Mastery CS-Gratz Campus,217,147,67.74%,145,66.82%,148,68.20%,1,0.46%,2,0.92%
,126514864,KIPP DuBois CS,8358,KIPP DuBois Charter School,110,78,70.91%,78,70.91%,96,87.27%,18,16.36%,0,0.00%
,126515001,Philadelphia City SD,3728,Widener Memorial Sch,2,0,0.00%,0,0.00%,0,0.00%,0,0.00%,0,0.00%
,,,3808,Masterman Julia R Sec Sch,116,109,93.97%,109,93.97%,109,93.97%,0,0.00%,0,0.00%
,,,3816,Fels Samuel HS,187,107,57.22%,98,52.41%,114,60.96%,7,3.74%,9,4.81%
,,,3818,Furness Horace HS,144,80,55.56%,78,54.17%,81,56.25%,1,0.69%,2,1.39%
,,,3841,Dobbins AVT HS,125,43,34.40%,34,27.20%,48,38.40%,5,4.00%,9,7.20%
,,,3842,Mastbaum Jules E AVTS,127,36,28.35%,28,22.05%,39,30.71%,3,2.36%,8,6.30%
,,,3843,Girls HS,223,78,34.98%,78,34.98%,78,34.98%,0,0.00%,0,0.00%
,,,3844,Roxborough HS,135,69,51.11%,60,44.44%,71,52.59%,2,1.48%,9,6.67%
,,,3845,Lincoln HS,308,115,37.34%,107,34.74%,121,39.29%,6,1.95%,8,2.60%
,,,3847,Bartram John - Main,142,75,52.82%,61,42.96%,83,58.45%,8,5.63%,14,9.86%
,,,3848,Central HS,537,406,75.61%,405,75.42%,409,76.16%,3,0.56%,1,0.19%
,,,3849,Edison HS/Fareira Skills,167,31,18.56%,23,13.77%,33,19.76%,2,1.20%,8,4.79%
,,,3850,Frankford HS,183,48,26.23%,39,21.31%,52,28.42%,4,2.19%,9,4.92%
,,,3851,Franklin Benjamin HS,59,22,37.29%,21,35.59%,24,40.68%,2,3.39%,1,1.69%
,,,3855,Northeast HS,748,156,20.86%,151,20.19%,156,20.86%,0,0.00%,5,0.67%
,,,3857,Overbrook HS,93,58,62.37%,50,53.76%,61,65.59%,3,3.23%,8,8.60%
,,,3859,South Philadelphia HS,89,21,23.60%,19,21.35%,23,25.84%,2,2.25%,2,2.25%
,,,3860,West Philadelphia HS,96,54,56.25%,49,51.04%,54,56.25%,0,0.00%,5,5.21%
,,,3861,Saul W B Agricultural School,111,46,41.44%,45,40.54%,48,43.24%,2,1.80%,1,0.90%
,,,6527,Washington George HS,258,127,49.22%,119,46.12%,135,52.33%,8,3.10%,8,3.10%
,,,6548,Parkway Northwest,68,33,48.53%,29,42.65%,33,48.53%,0,0.00%,4,5.88%
,,,6675,King Martin Luther HS,95,46,48.42%,40,42.11%,51,53.68%,5,5.26%,6,6.32%
,,,6822,Franklin LC,192,98,51.04%,95,49.48%,101,52.60%,3,1.56%,3,1.56%
,,,6996,Creative and Performing Arts,168,85,50.60%,84,50.00%,85,50.60%,0,0.00%,1,0.60%
,,,7023,Carver HS,186,123,66.13%,122,65.59%,124,66.67%,1,0.54%,1,0.54%
,,,7070,Bodine William W HS,139,111,79.86%,110,79.14%,113,81.29%,2,1.44%,1,0.72%
,,,7072,Swenson Arts & Technology HS,133,65,48.87%,59,44.36%,68,51.13%,3,2.26%,6,4.51%
,,,7229,Hill Freedman World Academy,77,39,50.65%,39,50.65%,39,50.65%,0,0.00%,0,0.00%
,,,7245,Sayre William L MS,75,17,22.67%,17,22.67%,19,25.33%,2,2.67%,0,0.00%
,,,7255,Strawberry Mansion HS,42,6,14.29%,6,14.29%,6,14.29%,0,0.00%,0,0.00%
,,,7664,Gamp,64,38,59.38%,38,59.38%,39,60.94%,1,1.56%,0,0.00%
,,,7780,Paul Robeson HS for Human Services,69,56,81.16%,51,73.91%,60,86.96%,4,5.80%,5,7.25%
,,,7782,Parkway Center City Middle College,115,92,80.00%,86,74.78%,95,82.61%,3,2.61%,6,5.22%
,,,7808,Parkway West,50,33,66.00%,31,62.00%,37,74.00%,4,8.00%,2,4.00%
,,,7811,Lankenau HS,103,84,81.55%,81,78.64%,86,83.50%,2,1.94%,3,2.91%
,,,7813,Randolph A. Philip AVT HS,65,18,27.69%,18,27.69%,22,33.85%,4,6.15%,0,0.00%
,,,7815,Motivation HS,93,44,47.31%,43,46.24%,49,52.69%,5,5.38%,1,1.08%
,,,7850,Philadelphia Military Acad at Elverson,35,13,37.14%,11,31.43%,14,40.00%,1,2.86%,2,5.71%
,,,7852,Kensington Creative & Performing Arts HS,104,8,7.69%,7,6.73%,9,8.65%,1,0.96%,1,0.96%
,,,7855,Kensington Health Sciences,112,8,7.14%,7,6.25%,8,7.14%,0,0.00%,1,0.89%
,,,7903,School of the Future,95,39,41.05%,38,40.00%,42,44.21%,3,3.16%,1,1.05%
,,,7904,Academy at Palumbo,188,136,72.34%,134,71.28%,139,73.94%,3,1.60%,2,1.06%
,,,7905,Constitution HS,96,77,80.21%,76,79.17%,78,81.25%,1,1.04%,1,1.04%
,,,7906,Science Leadership Academy,119,0,0.00%,0,0.00%,0,0.00%,0,0.00%,0,0.00%
,,,8039,Arts Academy at Benjamin Rush,136,81,59.56%,77,56.62%,83,61.03%,2,1.47%,4,2.94%
,,,8293,Penn Treaty Sch,80,34,42.50%,31,38.75%,41,51.25%,7,8.75%,3,3.75%
,,,8298,The SD of Philadelphia Virtual Academy,133,42,31.58%,31,23.31%,46,34.59%,4,3.01%,11,8.27%
,,,8328,The Workshop School,50,9,18.00%,8,16.00%,9,18.00%,0,0.00%,1,2.00%
,,,8329,The U School: Innovative Lab,41,25,60.98%,24,58.54%,25,60.98%,0,0.00%,1,2.44%
,,,8330,The Science Leadership Academy at Beeber,116,98,84.48%,94,81.03%,100,86.21%,2,1.72%,4,3.45%
,,,8331,The Linc,36,1,2.78%,1,2.78%,2,5.56%,1,2.78%,0,0.00%
,,,8332,Building 21,56,32,57.14%,31,55.36%,35,62.50%,3,5.36%,1,1.79%
,,,8385,Philadelphia Learning Academy - North,7,0,0.00%,0,0.00%,0,0.00%,0,0.00%,0,0.00%
,,,8386,Philadelphia Learning Academy - South,19,4,21.05%,3,15.79%,4,21.05%,0,0.00%,1,5.26%
,,,8388,Kensington HS,103,35,33.98%,33,32.04%,40,38.83%,5,4.85%,2,1.94%
,,,9999,Philadelphia City SD,889,93,10.46%,68,7.65%,101,11.36%,8,0.90%,25,2.81%
,126519434,Universal Audenried CS,8195,Universal Audenried Charter School,105,66,62.86%,66,62.86%,70,66.67%,4,3.81%,0,0.00%
,151514721,Mastery CS-Pickett Campus,7961,Mastery CS-Pickett Campus,94,71,75.53%,71,75.53%,78,82.98%,7,7.45%,0,0.00%
,181519176,ASPIRA Bilingual Cyber CS,8148,ASPIRA Bilingual Cyber Charter School,47,26,55.32%,23,48.94%,27,57.45%,1,2.13%,3,6.38%
,185515523,Boys Latin of Philadelphia CS,7981,Boys Latin of Philadelphia CS,78,65,83.33%,64,82.05%,68,87.18%,3,3.85%,1,1.28%
,192518422,Tacony Academy CS,8126,Tacony Academy Charter School,94,68,72.34%,68,72.34%,73,77.66%,5,5.32%,0,0.00%
Pike,119648303,Wallenpaupack Area SD,4310,Wallenpaupack Area HS,249,127,51.00%,126,50.60%,133,53.41%,6,2.41%,1,0.40%
,,,9999,Wallenpaupack Area SD,7,0,0.00%,0,0.00%,0,0.00%,0,0.00%,0,0.00%
,120522003,Delaware Valley SD,5261,Delaware Valley HS,371,255,68.73%,255,68.73%,262,70.62%,7,1.89%,0,0.00%
,,,9999,Delaware Valley SD,1,0,0.00%,0,0.00%,0,0.00%,0,0.00%,0,0.00%
Potter,109530304,Austin Area SD,6222,Austin Area JSHS,11,6,54.55%,6,54.55%,6,54.55%,0,0.00%,0,0.00%
,109531304,Coudersport Area SD,3869,Coudersport Area JSHS,56,31,55.36%,31,55.36%,35,62.50%,4,7.14%,0,0.00%
,109532804,Galeton Area SD,6223,Galeton Area Sch,16,9,56.25%,9,56.25%,11,68.75%,2,12.50%,0,0.00%
,109535504,Northern Potter SD,3875,Northern Potter JSHS,37,16,43.24%,16,43.24%,17,45.95%,1,2.70%,0,0.00%
,109537504,Oswayo Valley SD,3877,Oswayo Valley HS,23,11,47.83%,11,47.83%,12,52.17%,1,4.35%,0,0.00%
Schuylkill,129540803,Blue Mountain SD,3891,Blue Mountain HS,192,124,64.58%,116,60.42%,133,69.27%,9,4.69%,8,4.17%
,129544503,Mahanoy Area SD,8403,Mahanoy Area JSHS,65,39,60.00%,38,58.46%,41,63.08%,2,3.08%,1,1.54%
,,,9999,Mahanoy Area SD,2,0,0.00%,0,0.00%,0,0.00%,0,0.00%,0,0.00%
,129544703,Minersville Area SD,6583,Minersville Area JSHS,72,44,61.11%,42,58.33%,45,62.50%,1,1.39%,2,2.78%
,129544907,Gillingham Charter School,8161,Gillingham Charter School,11,10,90.91%,7,63.64%,10,90.91%,0,0.00%,3,27.27%
,129545003,North Schuylkill SD,3883,North Schuylkill JSHS,136,72,52.94%,72,52.94%,74,54.41%,2,1.47%,0,0.00%
,129546003,Pine Grove Area SD,3910,Pine Grove Area HS,111,53,47.75%,51,45.95%,53,47.75%,0,0.00%,2,1.80%
,129546103,Pottsville Area SD,3924,Pottsville Area HS,250,136,54.40%,126,50.40%,138,55.20%,2,0.80%,10,4.00%
,,,9999,Pottsville Area SD,7,0,0.00%,0,0.00%,0,0.00%,0,0.00%,0,0.00%
,129547203,Shenandoah Valley SD,3940,Shenandoah Valley JSHS,74,38,51.35%,38,51.35%,45,60.81%,7,9.46%,0,0.00%
,129547303,Schuylkill Haven Area SD,5264,Schuylkill Haven SHS,95,40,42.11%,39,41.05%,42,44.21%,2,2.11%,1,1.05%
,,,9999,Schuylkill Haven Area SD,2,0,0.00%,0,0.00%,0,0.00%,0,0.00%,0,0.00%
,129547603,Tamaqua Area SD,5070,Tamaqua Area SHS,167,150,89.82%,143,85.63%,151,90.42%,1,0.60%,7,4.19%
,129547803,Tri-Valley SD,3957,Tri-Valley JSHS,51,30,58.82%,27,52.94%,30,58.82%,0,0.00%,3,5.88%
,129548803,Williams Valley SD,3914,Williams Valley JSHS,49,34,69.39%,31,63.27%,35,71.43%,1,2.04%,3,6.12%
,,,9999,Williams Valley SD,2,0,0.00%,0,0.00%,0,0.00%,0,0.00%,0,0.00%
Snyder,116555003,Midd-West SD,3962,Midd-West HS,153,77,50.33%,76,49.67%,77,50.33%,0,0.00%,1,0.65%
,,,9999,Midd-West SD,1,0,0.00%,0,0.00%,0,0.00%,0,0.00%,0,0.00%
,116557103,Selinsgrove Area SD,3969,Selinsgrove Area HS,193,121,62.69%,113,58.55%,125,64.77%,4,2.07%,8,4.15%
,,,9999,Selinsgrove Area SD,1,0,0.00%,0,0.00%,0,0.00%,0,0.00%,0,0.00%
Somerset,108561003,Berlin Brothersvalley SD,6207,Berlin Brothersvalley SHS,41,18,43.90%,16,39.02%,19,46.34%,1,2.44%,2,4.88%
,108561803,Conemaugh Township Area SD,3978,Conemaugh Twp Area MS/SHS,65,44,67.69%,41,63.08%,45,69.23%,1,1.54%,3,4.62%
,,,9999,Conemaugh Township Area SD,2,0,0.00%,0,0.00%,0,0.00%,0,0.00%,0,0.00%
,108565203,Meyersdale Area SD,3994,Meyersdale Area HS,70,43,61.43%,39,55.71%,43,61.43%,0,0.00%,4,5.71%
,,,9999,Meyersdale Area SD,1,0,0.00%,0,0.00%,0,0.00%,0,0.00%,0,0.00%
,108565503,North Star SD,3988,North Star HS,71,41,57.75%,39,54.93%,42,59.15%,1,1.41%,2,2.82%
,,,9999,North Star SD,4,0,0.00%,0,0.00%,0,0.00%,0,0.00%,0,0.00%
,108566303,Rockwood Area SD,6210,Rockwood Area JSHS,38,25,65.79%,24,63.16%,25,65.79%,0,0.00%,1,2.63%
,108567004,Salisbury-Elk Lick SD,4002,Salisbury-Elk Lick JSHS,20,10,50.00%,10,50.00%,10,50.00%,0,0.00%,0,0.00%
,108567204,Shade-Central City SD,4006,Shade JSHS,22,13,59.09%,11,50.00%,14,63.64%,1,4.55%,2,9.09%
,108567404,Shanksville-Stonycreek SD,6800,Shanksville-Stonycreek HS,28,13,46.43%,12,42.86%,14,50.00%,1,3.57%,1,3.57%
,108567703,Somerset Area SD,8274,Somerset Area Jr-Sr HS,157,72,45.86%,67,42.68%,77,49.04%,5,3.18%,5,3.18%
,108568404,Turkeyfoot Valley Area SD,6216,Turkeyfoot Valley Area JSHS,24,8,33.33%,7,29.17%,9,37.50%,1,4.17%,1,4.17%
,108569103,Windber Area SD,4026,Windber Area HS,88,52,59.09%,48,54.55%,57,64.77%,5,5.68%,4,4.55%
,,,9999,Windber Area SD,5,0,0.00%,0,0.00%,0,0.00%,0,0.00%,0,0.00%
Sullivan,117576303,Sullivan County SD,4030,Sullivan Co JSHS,35,21,60.00%,21,60.00%,21,60.00%,0,0.00%,0,0.00%
Susquehanna,119581003,Blue Ridge SD,4034,Blue Ridge HS,67,44,65.67%,40,59.70%,44,65.67%,0,0.00%,4,5.97%
,119582503,Elk Lake SD,6418,Elk Lake JSHS,75,37,49.33%,36,48.00%,38,50.67%,1,1.33%,1,1.33%
,119583003,Forest City Regional SD,6419,Forest City Regional HS,44,22,50.00%,22,50.00%,24,54.55%,2,4.55%,0,0.00%
,,,9999,Forest City Regional SD,1,0,0.00%,0,0.00%,0,0.00%,0,0.00%,0,0.00%
,119584503,Montrose Area SD,4044,Montrose Area JSHS,83,50,60.24%,47,56.63%,52,62.65%,2,2.41%,3,3.61%
,119584603,Mountain View SD,4049,Mountain View JSHS,77,49,63.64%,49,63.64%,51,66.23%,2,2.60%,0,0.00%
,119586503,Susquehanna Community SD,4054,Susquehanna Community JSHS,57,31,54.39%,30,52.63%,33,57.89%,2,3.51%,1,1.75%
,,,9999,Susquehanna Community SD,9,3,33.33%,3,33.33%,3,33.33%,0,0.00%,0,0.00%
Tioga,117596003,Northern Tioga SD,4058,Cowanesque Valley JSHS,62,27,43.55%,27,43.55%,32,51.61%,5,8.06%,0,0.00%
,,,6373,Williamson SHS,70,36,51.43%,35,50.00%,39,55.71%,3,4.29%,1,1.43%
,117597003,Southern Tioga SD,4064,North Penn-Liberty JSHS,47,19,40.43%,16,34.04%,20,42.55%,1,2.13%,3,6.38%
,,,4068,North Penn-Mansfield JSHS,102,49,48.04%,49,48.04%,54,52.94%,5,4.90%,0,0.00%
,117598503,Wellsboro Area SD,4080,Wellsboro Area HS,111,65,58.56%,63,56.76%,66,59.46%,1,0.90%,2,1.80%
Union,116604003,Lewisburg Area SD,4085,Lewisburg HS,125,101,80.80%,100,80.00%,101,80.80%,0,0.00%,1,0.80%
,,,9999,Lewisburg Area SD,3,0,0.00%,0,0.00%,0,0.00%,0,0.00%,0,0.00%
,116605003,Mifflinburg Area SD,4091,Mifflinburg Area SHS,172,83,48.26%,79,45.93%,83,48.26%,0,0.00%,4,2.33%
Venango,106611303,Cranberry Area SD,4098,Cranberry Area JSHS,87,46,52.87%,42,48.28%,49,56.32%,3,3.45%,4,4.60%
,106612203,Franklin Area SD,4106,Franklin Area JSHS,140,56,40.00%,55,39.29%,67,47.86%,11,7.86%,1,0.71%
,,,9999,Franklin Area SD,5,0,0.00%,0,0.00%,0,0.00%,0,0.00%,0,0.00%
,106616203,Oil City Area SD,4931,Oil City SHS,140,61,43.57%,60,42.86%,66,47.14%,5,3.57%,1,0.71%
,,,9999,Oil City Area SD,3,0,0.00%,0,0.00%,0,0.00%,0,0.00%,0,0.00%
,106617203,Titusville Area SD,1668,Titusville SHS,126,57,45.24%,53,42.06%,70,55.56%,13,10.32%,4,3.17%
,106618603,Valley Grove SD,4126,Rocky Grove JSHS,62,34,54.84%,23,37.10%,35,56.45%,1,1.61%,11,17.74%
Warren,105620001,Tidioute Community CS,7833,Tidioute Community CS,25,13,52.00%,13,52.00%,14,56.00%,1,4.00%,0,0.00%
,105628302,Warren County SD,4135,Youngsville MS/HS,48,20,41.67%,15,31.25%,21,43.75%,1,2.08%,5,10.42%
,,,4143,Eisenhower M/HS,69,29,42.03%,27,39.13%,30,43.48%,1,1.45%,2,2.90%
,,,4146,Sheffield M/HS,48,26,54.17%,26,54.17%,29,60.42%,3,6.25%,0,0.00%
,,,4149,Warren Area HS,169,98,57.99%,94,55.62%,106,62.72%,8,4.73%,4,2.37%
Washington,101630504,Avella Area SD,4165,Avella Area JSHS,33,22,66.67%,16,48.48%,25,75.76%,3,9.09%,6,18.18%
,101630903,Bentworth SD,4188,Bentworth SHS,86,56,65.12%,56,65.12%,60,69.77%,4,4.65%,0,0.00%
,101631003,Bethlehem-Center SD,4181,Bethlehem-Center SHS,114,40,35.09%,36,31.58%,41,35.96%,1,0.88%,4,3.51%
,,,9999,Bethlehem-Center SD,1,1,100.00%,1,100.00%,1,100.00%,0,0.00%,0,0.00%
,101631203,Burgettstown Area SD,4195,Burgettstown MS/HS,76,49,64.47%,49,64.47%,49,64.47%,0,0.00%,0,0.00%
,,,9999,Burgettstown Area SD,1,0,0.00%,0,0.00%,0,0.00%,0,0.00%,0,0.00%
,101631503,California Area SD,4203,California Area SHS,74,45,60.81%,38,51.35%,46,62.16%,1,1.35%,7,9.46%
,101631703,Canon-McMillan SD,4217,Canon-McMillan SHS,363,282,77.69%,256,70.52%,286,78.79%,4,1.10%,26,7.16%
,,,9999,Canon-McMillan SD,6,0,0.00%,0,0.00%,0,0.00%,0,0.00%,0,0.00%
,101631803,Charleroi SD,4715,Charleroi Area HS,106,68,64.15%,62,58.49%,68,64.15%,0,0.00%,6,5.66%
,,,9999,Charleroi SD,1,1,100.00%,0,0.00%,1,100.00%,0,0.00%,1,100.00%
,101631903,Chartiers-Houston SD,4235,Chartiers-Houston JSHS,81,54,66.67%,53,65.43%,57,70.37%,3,3.70%,1,1.23%
,101632403,Fort Cherry SD,4242,Fort Cherry JSHS,83,47,56.63%,47,56.63%,47,56.63%,0,0.00%,0,0.00%
,,,9999,Fort Cherry SD,3,2,66.67%,2,66.67%,2,66.67%,0,0.00%,0,0.00%
,101633903,McGuffey SD,4249,McGuffey HS,101,64,63.37%,60,59.41%,65,64.36%,1,0.99%,4,3.96%
,,,9999,McGuffey SD,2,0,0.00%,0,0.00%,0,0.00%,0,0.00%,0,0.00%
,101636503,Peters Township SD,5083,Peters Twp HS,333,307,92.19%,296,88.89%,307,92.19%,0,0.00%,11,3.30%
,101637002,Ringgold SD,7019,Ringgold SHS,215,77,35.81%,74,34.42%,78,36.28%,1,0.47%,3,1.40%
,,,9999,Ringgold SD,4,0,0.00%,0,0.00%,0,0.00%,0,0.00%,0,0.00%
,101638003,Trinity Area SD,6012,Trinity SHS,226,146,64.60%,138,61.06%,151,66.81%,5,2.21%,8,3.54%
,,,9999,Trinity Area SD,1,0,0.00%,0,0.00%,0,0.00%,0,0.00%,0,0.00%
,101638803,Washington SD,4286,Washington HS,124,42,33.87%,42,33.87%,42,33.87%,0,0.00%,0,0.00%
,,,9999,Washington SD,1,0,0.00%,0,0.00%,0,0.00%,0,0.00%,0,0.00%
Wayne,119648703,Wayne Highlands SD,4295,Honesdale HS,208,120,57.69%,120,57.69%,122,58.65%,2,0.96%,0,0.00%
,,,9999,Wayne Highlands SD,17,7,41.18%,7,41.18%,7,41.18%,0,0.00%,0,0.00%
,119648903,Western Wayne SD,6704,Western Wayne HS,160,91,56.88%,86,53.75%,92,57.50%,1,0.63%,5,3.13%
Westmoreland,107650603,Belle Vernon Area SD,4930,Belle Vernon Area HS,174,121,69.54%,118,67.82%,127,72.99%,6,3.45%,3,1.72%
,107650703,Burrell SD,4340,Burrell HS,146,107,73.29%,106,72.60%,112,76.71%,5,3.42%,1,0.68%
,,,9999,Burrell SD,2,1,50.00%,1,50.00%,1,50.00%,0,0.00%,0,0.00%
,107651603,Derry Area SD,4352,Derry Area SHS,135,86,63.70%,80,59.26%,89,65.93%,3,2.22%,6,4.44%
,,,9999,Derry Area SD,9,0,0.00%,0,0.00%,0,0.00%,0,0.00%,0,0.00%
,107652603,Franklin Regional SD,4360,Franklin Regional SHS,283,226,79.86%,225,79.51%,227,80.21%,1,0.35%,1,0.35%
,,,9999,Franklin Regional SD,2,0,0.00%,0,0.00%,0,0.00%,0,0.00%,0,0.00%
,107653040,Dr Robert Ketterer CS Inc,7550,Dr Robert Ketterer CS Inc,34,9,26.47%,9,26.47%,9,26.47%,0,0.00%,0,0.00%
,107653102,Greater Latrobe SD,4845,Greater Latrobe SHS,305,232,76.07%,232,76.07%,236,77.38%,4,1.31%,0,0.00%
,,,9999,Greater Latrobe SD,13,0,0.00%,0,0.00%,0,0.00%,0,0.00%,0,0.00%
,107653203,Greensburg Salem SD,4373,Greensburg-Salem HS,156,121,77.56%,120,76.92%,121,77.56%,0,0.00%,1,0.64%
,,,9999,Greensburg Salem SD,9,0,0.00%,0,0.00%,0,0.00%,0,0.00%,0,0.00%
,107653802,Hempfield Area SD,4404,Hempfield Area SHS,451,308,68.29%,304,67.41%,313,69.40%,5,1.11%,4,0.89%
,,,9999,Hempfield Area SD,6,0,0.00%,0,0.00%,0,0.00%,0,0.00%,0,0.00%
,107654103,Jeannette City SD,8421,Jeannette HS,67,45,67.16%,43,64.18%,45,67.16%,0,0.00%,2,2.99%
,,,9999,Jeannette City SD,2,0,0.00%,0,0.00%,0,0.00%,0,0.00%,0,0.00%
,107654403,Kiski Area SD,4431,Kiski Area HS,257,176,68.48%,169,65.76%,179,69.65%,3,1.17%,7,2.72%
,107654903,Ligonier Valley SD,4442,Ligonier Valley HS,144,104,72.22%,104,72.22%,112,77.78%,8,5.56%,0,0.00%
,,,9999,Ligonier Valley SD,3,0,0.00%,0,0.00%,0,0.00%,0,0.00%,0,0.00%
,107655803,Monessen City SD,6181,Monessen SHS,53,33,62.26%,24,45.28%,34,64.15%,1,1.89%,9,16.98%
,107655903,Mount Pleasant Area SD,4458,Mount Pleasant Area HS,142,0,0.00%,0,0.00%,0,0.00%,0,0.00%,0,0.00%
,,,9999,Mount Pleasant Area SD,3,0,0.00%,0,0.00%,0,0.00%,0,0.00%,0,0.00%
,107656303,New Kensington-Arnold SD,8323,Valley JSHS,91,50,54.95%,46,50.55%,52,57.14%,2,2.20%,4,4.40%
,,,9999,New Kensington-Arnold SD,5,1,20.00%,1,20.00%,1,20.00%,0,0.00%,0,0.00%
,107656502,Norwin SD,4717,Norwin SHS,390,308,78.97%,300,76.92%,311,79.74%,3,0.77%,8,2.05%
,,,9999,Norwin SD,7,1,14.29%,1,14.29%,1,14.29%,0,0.00%,0,0.00%
,107657103,Penn-Trafford SD,6648,Penn Trafford HS,304,243,79.93%,242,79.61%,246,80.92%,3,0.99%,1,0.33%
,,,9999,Penn-Trafford SD,4,0,0.00%,0,0.00%,0,0.00%,0,0.00%,0,0.00%
,107657503,Southmoreland SD,6191,Southmoreland SHS,122,49,40.16%,45,36.89%,52,42.62%,3,2.46%,4,3.28%
,107658903,Yough SD,4735,Yough SHS,173,92,53.18%,92,53.18%,95,54.91%,3,1.73%,0,0.00%
,,,9999,Yough SD,2,1,50.00%,1,50.00%,1,50.00%,0,0.00%,0,0.00%
Wyoming,118667503,Tunkhannock Area SD,5271,Tunkhannock HS,169,107,63.31%,100,59.17%,109,64.50%,2,1.18%,7,4.14%
,,,9999,Tunkhannock Area SD,1,0,0.00%,0,0.00%,1,100.00%,1,100.00%,0,0.00%
,119665003,Lackawanna Trail SD,4528,Lackawanna Trail JSHS,84,52,61.90%,51,60.71%,55,65.48%,3,3.57%,1,1.19%
York,112671303,Central York SD,4545,Central York HS,472,342,72.46%,330,69.92%,351,74.36%,9,1.91%,12,2.54%
,,,9999,Central York SD,7,0,0.00%,0,0.00%,0,0.00%,0,0.00%,0,0.00%
,112671603,Dallastown Area SD,4553,Dallastown Area SHS,437,329,75.29%,321,73.46%,331,75.74%,2,0.46%,8,1.83%
,,,9999,Dallastown Area SD,17,3,17.65%,3,17.65%,4,23.53%,1,5.88%,0,0.00%
,112671803,Dover Area SD,4558,Dover Area HS,228,130,57.02%,129,56.58%,137,60.09%,7,3.07%,1,0.44%
,,,9999,Dover Area SD,5,0,0.00%,0,0.00%,0,0.00%,0,0.00%,0,0.00%
,112672203,Eastern York SD,4564,Eastern York HS,166,93,56.02%,89,53.61%,108,65.06%,15,9.04%,4,2.41%
,,,9999,Eastern York SD,3,0,0.00%,0,0.00%,0,0.00%,0,0.00%,0,0.00%
,112672803,Hanover Public SD,4571,Hanover SHS,116,60,51.72%,60,51.72%,60,51.72%,0,0.00%,0,0.00%
,,,9999,Hanover Public SD,4,0,0.00%,0,0.00%,0,0.00%,0,0.00%,0,0.00%
,112673300,Crispus Attucks CS,7624,Crispus Attucks CS,67,0,0.00%,0,0.00%,0,0.00%,0,0.00%,0,0.00%
,112674403,Northeastern York SD,4577,Northeastern SHS,258,168,65.12%,161,62.40%,177,68.60%,9,3.49%,7,2.71%
,,,9999,Northeastern York SD,1,0,0.00%,0,0.00%,0,0.00%,0,0.00%,0,0.00%
,112675503,Red Lion Area SD,4598,Red Lion Area SHS,361,216,59.83%,194,53.74%,220,60.94%,4,1.11%,22,6.09%
,,,9999,Red Lion Area SD,16,0,0.00%,0,0.00%,0,0.00%,0,0.00%,0,0.00%
,112676203,South Eastern SD,4602,Kennard-Dale HS,214,145,67.76%,138,64.49%,145,67.76%,0,0.00%,7,3.27%
,,,9999,South Eastern SD,4,0,0.00%,0,0.00%,0,0.00%,0,0.00%,0,0.00%
,112676403,South Western SD,4608,South Western SHS,287,167,58.19%,164,57.14%,180,62.72%,13,4.53%,3,1.05%
,,,9999,South Western SD,8,0,0.00%,0,0.00%,1,12.50%,1,12.50%,0,0.00%
,112676503,Southern York County SD,4614,Susquehannock HS,218,177,81.19%,170,77.98%,177,81.19%,0,0.00%,7,3.21%
,,,9999,Southern York County SD,8,0,0.00%,0,0.00%,0,0.00%,0,0.00%,0,0.00%
,112676703,Spring Grove Area SD,4623,Spring Grove Area HS,298,182,61.07%,172,57.72%,191,64.09%,9,3.02%,10,3.36%
,,,9999,Spring Grove Area SD,4,0,0.00%,0,0.00%,0,0.00%,0,0.00%,0,0.00%
,112678503,West York Area SD,6705,West York Area HS,219,140,63.93%,134,61.19%,148,67.58%,8,3.65%,6,2.74%
,,,9999,West York Area SD,22,3,13.64%,3,13.64%,7,31.82%,4,18.18%,0,0.00%
,112679002,York City SD,4647,William Penn SHS,244,67,27.46%,67,27.46%,69,28.28%,2,0.82%,0,0.00%
,,,9999,York City SD,5,0,0.00%,0,0.00%,0,0.00%,0,0.00%,0,0.00%
,112679107,York Co School of Technology,5168,York Co School of Technology,385,89,23.12%,88,22.86%,93,24.16%,4,1.04%,1,0.26%
,112679403,York Suburban SD,4658,York Suburban SHS,216,179,82.87%,179,82.87%,180,83.33%,1,0.46%,0,0.00%
,,,9999,York Suburban SD,9,4,44.44%,4,44.44%,7,77.78%,3,33.33%,0,0.00%
,115219002,West Shore SD,1732,Cedar Cliff HS,273,195,71.43%,185,67.77%,198,72.53%,3,1.10%,10,3.66%
,,,4704,Red Land SHS,266,178,66.92%,173,65.04%,181,68.05%,3,1.13%,5,1.88%
,,,9999,West Shore SD,5,0,0.00%,0,0.00%,0,0.00%,0,0.00%,0,0.00%
,115674603,Northern York County SD,6345,Northern HS,228,141,61.84%,133,58.33%,147,64.47%,6,2.63%,8,3.51%
,,,9999,Northern York County SD,4,0,0.00%,0,0.00%,0,0.00%,0,0.00%,0,0.00%
Overall,,,,,"125,228","77,250",61.69%,"75,022",59.91%,"79,658",63.61%,"2,408",1.92%,"2,228",1.78%
"Apr 7, 20218:53:21 AM",,,,,,- 2 -,,,,,www.pimsreports.pa.gov,,,,